Protocollo;Gruppo;DataOraIncidente;Localizzazione1;STRADA1;Localizzazione2;STRADA2;Strada02;Chilometrica;DaSpecificare;NaturaIncidente;particolaritastrade;TipoStrada;FondoStradale;Pavimentazione;Segnaletica;CondizioneAtmosferica;Traffico;Visibilita;Illuminazione;NUM_FERITI;NUM_RISERVATA;NUM_MORTI;NUM_ILLESI;Longitudine;Latitudine;Confermato;Progressivo;TipoVeicolo;StatoVeicolo;TipoPersona;Sesso;Tipolesione;Deceduto;DecedutoDopo;CinturaCascoUtilizzato;Airbag;
4974867;6;01/07/2020 23:57:00;Strada Urbana;VIA DEGLI ANGELI;in corrispondenza;;del civico n.;180;;Veicolo in marcia contro veicolo fermo;Rettilineo;Una carreggiata a doppio senso;Asciutto;Asfaltata;Orizzontale;Sereno;Scarso;Buona;;0;0;0;2;12.547;41.8724;-1;1;Autovettura privata;In marcia / fermata / arresto;Conducente;M;Illeso;0;;;
4974867;6;01/07/2020 23:57:00;Strada Urbana;VIA DEGLI ANGELI;in corrispondenza;;del civico n.;180;;Veicolo in marcia contro veicolo fermo;Rettilineo;Una carreggiata a doppio senso;Asciutto;Asfaltata;Orizzontale;Sereno;Scarso;Buona;;0;0;0;2;12.547;41.8724;-1;2;Autovettura privata;In marcia / fermata / arresto;Conducente;M;Illeso;0;;;
4974899;1;01/07/2020 13:10:00;Strada Urbana;VIA FRANCESCO CRISPI;in corrispondenza;;del civico n.;69;;Tamponamento;Rettilineo;Una carreggiata a senso unico di marcia;Asciutto;In cubetti di porfido;Verticale ed orizzontale;Sereno;Scarso;Buona;Ore Diurne;1;0;0;1;12.4858;41.905;-1;1;Autocarro inferiore 35 q.;In marcia / fermata / arresto;Conducente;M;Illeso;0;;;
4974899;1;01/07/2020 13:10:00;Strada Urbana;VIA FRANCESCO CRISPI;in corrispondenza;;del civico n.;69;;Tamponamento;Rettilineo;Una carreggiata a senso unico di marcia;Asciutto;In cubetti di porfido;Verticale ed orizzontale;Sereno;Scarso;Buona;Ore Diurne;1;0;0;1;12.4858;41.905;-1;2;Motociclo a solo;In marcia / fermata / arresto;Conducente;M;Rimandato;0;NON DECEDUTO;;
4974908;17;01/07/2020 14:40:00;Strada Urbana;VIALE DELLE MILIZIE;da specificare;;;;carreggiata laterale direzione via S. Pellico;Veicolo in marcia contro ostacolo fisso;Rettilineo;Pi� di due carreggiate;Asciutto;Asfaltata;Verticale;Sereno;Scarso;Buona;Ore Diurne;0;0;0;1;12.4608;41.9119;-1;1;Autovettura privata;In marcia / fermata / arresto;Conducente;M;Illeso;0;;;
4974948;13;01/07/2020 13:30:00;;VIA PIERO GHERARDI;da specificare;;;;prox. civ. 31;Veicolo in marcia contro veicolo in sosta;;;;;;;;;;0;0;0;0;;;0;1;Autovettura privata;Sosta;;;;;;;
4974948;13;01/07/2020 13:30:00;;VIA PIERO GHERARDI;da specificare;;;;prox. civ. 31;Veicolo in marcia contro veicolo in sosta;;;;;;;;;;0;0;0;0;;;0;2;Autovettura privata;Sosta;;;;;;;
4974954;3;01/07/2020 23:55:00;Strada Urbana;VIA NOMENTANA;in corrispondenza;;del civico n.;90;;Scontro frontale/laterale DX fra veicoli in marcia;Rettilineo;Pi� di due carreggiate;Asciutto;Asfaltata;Verticale ed orizzontale;Sereno;Scarso;Insufficiente;;1;0;0;1;12.5132;41.9174;-1;1;Autovettura privata;In marcia / fermata / arresto;Conducente;M;Illeso;0;;;
4974954;3;01/07/2020 23:55:00;Strada Urbana;VIA NOMENTANA;in corrispondenza;;del civico n.;90;;Scontro frontale/laterale DX fra veicoli in marcia;Rettilineo;Pi� di due carreggiate;Asciutto;Asfaltata;Verticale ed orizzontale;Sereno;Scarso;Insufficiente;;1;0;0;1;12.5132;41.9174;-1;2;Motociclo a solo;In marcia / fermata / arresto;Conducente;M;Ricoverato;0;NON DECEDUTO;;
4974967;4;01/07/2020 15:00:00;Strada Urbana;VIA NOMENTANA;da specificare;;;;rotatoria direzione Fonte Nuova;Veicolo in marcia contro ostacolo accidentale;Rettilineo;Una carreggiata a doppio senso;Asciutto;Asfaltata;Verticale;Sereno;Normale;Buona;;0;0;0;2;12.5728;41.9579;-1;1;Autovettura privata;In marcia / fermata / arresto;Conducente;F;Illeso;0;;;
4974967;4;01/07/2020 15:00:00;Strada Urbana;VIA NOMENTANA;da specificare;;;;rotatoria direzione Fonte Nuova;Veicolo in marcia contro ostacolo accidentale;Rettilineo;Una carreggiata a doppio senso;Asciutto;Asfaltata;Verticale;Sereno;Normale;Buona;;0;0;0;2;12.5728;41.9579;-1;1;Autovettura privata;In marcia / fermata / arresto;Passeggero;F;Illeso;0;;;
4974969;4;01/07/2020 15:45:00;Strada Urbana;VIA FERDINANDO MARIA POGGIOLI;in prossimit�;;del civico n.;fr. 41;;Veicolo in marcia contro veicoli in sosta;Rettilineo;Una carreggiata a senso unico di marcia;Asciutto;Asfaltata;Verticale;Sereno;Normale;Buona;;0;0;0;1;12.5387;41.9581;-1;1;Autovettura privata;In marcia / fermata / arresto;Conducente;M;Illeso;0;;Non accertato;Inesploso
4974969;4;01/07/2020 15:45:00;Strada Urbana;VIA FERDINANDO MARIA POGGIOLI;in prossimit�;;del civico n.;fr. 41;;Veicolo in marcia contro veicoli in sosta;Rettilineo;Una carreggiata a senso unico di marcia;Asciutto;Asfaltata;Verticale;Sereno;Normale;Buona;;0;0;0;1;12.5387;41.9581;-1;2;Autovettura privata;Sosta;;;;;;;
4974969;4;01/07/2020 15:45:00;Strada Urbana;VIA FERDINANDO MARIA POGGIOLI;in prossimit�;;del civico n.;fr. 41;;Veicolo in marcia contro veicoli in sosta;Rettilineo;Una carreggiata a senso unico di marcia;Asciutto;Asfaltata;Verticale;Sereno;Normale;Buona;;0;0;0;1;12.5387;41.9581;-1;3;Autovettura privata;Sosta;;;;;;;
4975008;4;01/07/2020 16:15:00;Strada Urbana;VIA MONTE CERVIALTO;all'intersezione semaforizzata con;VIA IVANOE BONOMI;VIA IVANOE BONOMI;;;Scontro frontale/laterale DX fra veicoli in marcia;Incrocio;Una carreggiata a doppio senso;Asciutto;Asfaltata;Verticale ed orizzontale;Sereno;Normale;Buona;;0;0;0;2;12.5232;41.9541;-1;1;Autovettura privata;In marcia / fermata / arresto;Conducente;F;Illeso;0;;Non accertato;Inesploso
4975008;4;01/07/2020 16:15:00;Strada Urbana;VIA MONTE CERVIALTO;all'intersezione semaforizzata con;VIA IVANOE BONOMI;VIA IVANOE BONOMI;;;Scontro frontale/laterale DX fra veicoli in marcia;Incrocio;Una carreggiata a doppio senso;Asciutto;Asfaltata;Verticale ed orizzontale;Sereno;Normale;Buona;;0;0;0;2;12.5232;41.9541;-1;2;Autovettura privata;In marcia / fermata / arresto;Conducente;M;Illeso;0;;Non accertato;
4975047;2;01/07/2020 12:40:00;Strada Urbana;VIA GUALTIERO CASTELLINI;in prossimit�;;del civico n.;FR. 17;;Veicolo in marcia contro veicolo in sosta;Rettilineo;Una carreggiata a doppio senso;Asciutto;Asfaltata;Verticale ed orizzontale;Sereno;Scarso;Buona;;1;0;0;1;12.4898;41.9267;-1;;;;Pedone;F;Ricoverato;0;NON DECEDUTO;;
4975047;2;01/07/2020 12:40:00;Strada Urbana;VIA GUALTIERO CASTELLINI;in prossimit�;;del civico n.;FR. 17;;Veicolo in marcia contro veicolo in sosta;Rettilineo;Una carreggiata a doppio senso;Asciutto;Asfaltata;Verticale ed orizzontale;Sereno;Scarso;Buona;;1;0;0;1;12.4898;41.9267;-1;1;Autovettura privata;In marcia / fermata / arresto;Conducente;F;Illeso;0;;Non accertato;Inesploso
4975047;2;01/07/2020 12:40:00;Strada Urbana;VIA GUALTIERO CASTELLINI;in prossimit�;;del civico n.;FR. 17;;Veicolo in marcia contro veicolo in sosta;Rettilineo;Una carreggiata a doppio senso;Asciutto;Asfaltata;Verticale ed orizzontale;Sereno;Scarso;Buona;;1;0;0;1;12.4898;41.9267;-1;2;Autovettura privata;Sosta;;;;;;;
4975049;2;01/07/2020 07:00:00;Strada Urbana;VIALE ETIOPIA;all'intersezione con;VIA TEMBIEN;VIA TEMBIEN;;;Scontro frontale/laterale DX fra veicoli in marcia;Incrocio;Una carreggiata a senso unico di marcia;Asciutto;Asfaltata;Verticale;Sereno;Normale;Buona;;0;0;0;2;12.5242;41.9316;-1;1;Motociclo a solo;In marcia / fermata / arresto;Conducente;M;Illeso;0;;Non accertato;
4975049;2;01/07/2020 07:00:00;Strada Urbana;VIALE ETIOPIA;all'intersezione con;VIA TEMBIEN;VIA TEMBIEN;;;Scontro frontale/laterale DX fra veicoli in marcia;Incrocio;Una carreggiata a senso unico di marcia;Asciutto;Asfaltata;Verticale;Sereno;Normale;Buona;;0;0;0;2;12.5242;41.9316;-1;2;Autovettura privata;In marcia / fermata / arresto;Conducente;M;Illeso;0;;;
4975053;2;01/07/2020 16:00:00;Strada Urbana;VIALE PARIOLI;in prossimit�;;del civico n.;180;;Veicolo in marcia contro veicoli in sosta;Rettilineo;Una carreggiata a doppio senso;Asciutto;Asfaltata;Orizzontale;Sereno;Scarso;Buona;;0;0;0;1;12.4865;41.9291;-1;1;Autovettura privata;Sosta;;;;;;;
4975053;2;01/07/2020 16:00:00;Strada Urbana;VIALE PARIOLI;in prossimit�;;del civico n.;180;;Veicolo in marcia contro veicoli in sosta;Rettilineo;Una carreggiata a doppio senso;Asciutto;Asfaltata;Orizzontale;Sereno;Scarso;Buona;;0;0;0;1;12.4865;41.9291;-1;2;Autovettura privata;In marcia / fermata / arresto;Conducente;M;Illeso;0;;Non accertato;Inesploso
4975053;2;01/07/2020 16:00:00;Strada Urbana;VIALE PARIOLI;in prossimit�;;del civico n.;180;;Veicolo in marcia contro veicoli in sosta;Rettilineo;Una carreggiata a doppio senso;Asciutto;Asfaltata;Orizzontale;Sereno;Scarso;Buona;;0;0;0;1;12.4865;41.9291;-1;3;Autovettura privata;Sosta;;;;;;;
4975056;2;01/07/2020 19:00:00;Strada Urbana;VIA TRIPOLITANIA;in corrispondenza;;del civico n.;189;;Veicolo in marcia contro veicoli in sosta;Rettilineo;Una carreggiata a senso unico di marcia;Asciutto;Asfaltata;Verticale ed orizzontale;Sereno;Scarso;Buona;;0;0;0;0;12.5232;41.9304;-1;2;Motociclo a solo;Sosta;;;;;;;
4975056;2;01/07/2020 19:00:00;Strada Urbana;VIA TRIPOLITANIA;in corrispondenza;;del civico n.;189;;Veicolo in marcia contro veicoli in sosta;Rettilineo;Una carreggiata a senso unico di marcia;Asciutto;Asfaltata;Verticale ed orizzontale;Sereno;Scarso;Buona;;0;0;0;0;12.5232;41.9304;-1;3;Autovettura privata;Sosta;;;;;;;
4975076;17;01/07/2020 19:15:00;Strada Urbana;VIA CRESCENZIO;all'intersezione con;VIA FRANCESCO CANCELLIERI;VIA FRANCESCO CANCELLIERI;;;Scontro laterale fra veicoli in marcia;Incrocio;Una carreggiata a doppio senso;Asciutto;Asfaltata;Orizzontale;Sereno;Scarso;Buona;Ore Diurne;0;0;0;2;12.4622;41.9058;-1;1;Autovettura privata;In marcia / fermata / arresto;Conducente;F;Illeso;0;;;
4975076;17;01/07/2020 19:15:00;Strada Urbana;VIA CRESCENZIO;all'intersezione con;VIA FRANCESCO CANCELLIERI;VIA FRANCESCO CANCELLIERI;;;Scontro laterale fra veicoli in marcia;Incrocio;Una carreggiata a doppio senso;Asciutto;Asfaltata;Orizzontale;Sereno;Scarso;Buona;Ore Diurne;0;0;0;2;12.4622;41.9058;-1;2;Autovettura privata;In marcia / fermata / arresto;Conducente;F;Illeso;0;;;
4975088;7;01/07/2020 18:00:00;Strada Urbana;VIA EMILIO MACRO;in corrispondenza;;del civico n.;20;;Tamponamento;Curva senza visuale libera;Una carreggiata a doppio senso;Asciutto;Asfaltata;Verticale ed orizzontale;Sereno;Scarso;Buona;;0;0;0;3;12.5771;41.871;-1;1;Autovettura privata;In marcia / fermata / arresto;Conducente;F;Illeso;0;;Non accertato;Inesploso
4975088;7;01/07/2020 18:00:00;Strada Urbana;VIA EMILIO MACRO;in corrispondenza;;del civico n.;20;;Tamponamento;Curva senza visuale libera;Una carreggiata a doppio senso;Asciutto;Asfaltata;Verticale ed orizzontale;Sereno;Scarso;Buona;;0;0;0;3;12.5771;41.871;-1;1;Autovettura privata;In marcia / fermata / arresto;Passeggero;F;Illeso;0;;Non accertato;Inesploso
4975088;7;01/07/2020 18:00:00;Strada Urbana;VIA EMILIO MACRO;in corrispondenza;;del civico n.;20;;Tamponamento;Curva senza visuale libera;Una carreggiata a doppio senso;Asciutto;Asfaltata;Verticale ed orizzontale;Sereno;Scarso;Buona;;0;0;0;3;12.5771;41.871;-1;2;Autovettura privata;In marcia / fermata / arresto;Conducente;F;Illeso;0;;Non accertato;Inesploso
4975088;7;01/07/2020 18:00:00;Strada Urbana;VIA EMILIO MACRO;in corrispondenza;;del civico n.;20;;Tamponamento;Curva senza visuale libera;Una carreggiata a doppio senso;Asciutto;Asfaltata;Verticale ed orizzontale;Sereno;Scarso;Buona;;0;0;0;3;12.5771;41.871;-1;3;Autovettura privata;Sosta;;;;;;;
4975088;7;01/07/2020 18:00:00;Strada Urbana;VIA EMILIO MACRO;in corrispondenza;;del civico n.;20;;Tamponamento;Curva senza visuale libera;Una carreggiata a doppio senso;Asciutto;Asfaltata;Verticale ed orizzontale;Sereno;Scarso;Buona;;0;0;0;3;12.5771;41.871;-1;4;Autovettura privata;Sosta;;;;;;;
4975102;4;01/07/2020 18:10:00;Strada Urbana;VIA VAL DI LANZO;all'intersezione semaforizzata con;VIA VAL DI SANGRO;VIA VAL DI SANGRO;;;Scontro frontale/laterale DX fra veicoli in marcia;Incrocio;Una carreggiata a doppio senso;Asciutto;Asfaltata;Verticale ed orizzontale;Sereno;Normale;Buona;;1;0;0;1;12.5249;41.9432;-1;1;Motociclo a solo;In marcia / fermata / arresto;Conducente;M;Rifiuta cure immediate;0;NON DECEDUTO;Non accertato;
4975102;4;01/07/2020 18:10:00;Strada Urbana;VIA VAL DI LANZO;all'intersezione semaforizzata con;VIA VAL DI SANGRO;VIA VAL DI SANGRO;;;Scontro frontale/laterale DX fra veicoli in marcia;Incrocio;Una carreggiata a doppio senso;Asciutto;Asfaltata;Verticale ed orizzontale;Sereno;Normale;Buona;;1;0;0;1;12.5249;41.9432;-1;2;Motociclo a solo;In marcia / fermata / arresto;Conducente;M;Illeso;0;;Non accertato;
4975126;13;01/07/2020 14:00:00;Strada Urbana;VIA SAN CANDIDO;da specificare;;;;prox. civ. 139;Scontro laterale fra veicoli in marcia;Rettilineo;Una carreggiata a doppio senso;Asciutto;Asfaltata;Assente;Sereno;Scarso;Buona;;0;0;0;2;12.3607;41.7262;-1;1;Autovettura privata;In marcia / fermata / arresto;Conducente;F;Illeso;0;;Non accertato;Inesploso
4975126;13;01/07/2020 14:00:00;Strada Urbana;VIA SAN CANDIDO;da specificare;;;;prox. civ. 139;Scontro laterale fra veicoli in marcia;Rettilineo;Una carreggiata a doppio senso;Asciutto;Asfaltata;Assente;Sereno;Scarso;Buona;;0;0;0;2;12.3607;41.7262;-1;2;Autovettura privata;In marcia / fermata / arresto;Conducente;M;Illeso;0;;Non accertato;Inesploso
4975128;17;01/07/2020 23:00:00;Strada Urbana;VIA ANGELO EMO;in prossimit�;;del civico n.;151;;Scontro laterale fra veicoli in marcia;Rettilineo;Una carreggiata a doppio senso;Asciutto;Asfaltata;Verticale ed orizzontale;Sereno;Normale;Buona;Sufficiente;0;0;0;3;12.4441;41.9032;-1;1;Autovettura privata;In marcia / fermata / arresto;Conducente;M;Illeso;0;;Non accertato;
4975128;17;01/07/2020 23:00:00;Strada Urbana;VIA ANGELO EMO;in prossimit�;;del civico n.;151;;Scontro laterale fra veicoli in marcia;Rettilineo;Una carreggiata a doppio senso;Asciutto;Asfaltata;Verticale ed orizzontale;Sereno;Normale;Buona;Sufficiente;0;0;0;3;12.4441;41.9032;-1;1;Autovettura privata;In marcia / fermata / arresto;Passeggero;F;Illeso;0;;Non accertato;
4975128;17;01/07/2020 23:00:00;Strada Urbana;VIA ANGELO EMO;in prossimit�;;del civico n.;151;;Scontro laterale fra veicoli in marcia;Rettilineo;Una carreggiata a doppio senso;Asciutto;Asfaltata;Verticale ed orizzontale;Sereno;Normale;Buona;Sufficiente;0;0;0;3;12.4441;41.9032;-1;2;Autovettura privata;In marcia / fermata / arresto;Conducente;M;Illeso;0;;Non accertato;
4975135;12;02/07/2020 10:30:00;Strada Urbana;PIAZZA GUIDO PIOVENE;da specificare;;;;prossimit� V.le Carlo Levi;Scontro laterale fra veicoli in marcia;Rotatoria;Una carreggiata a senso unico di marcia;Asciutto;Asfaltata;Verticale ed orizzontale;Sereno;Normale;Buona;Ore Diurne;0;0;0;2;12.466;41.8119;-1;1;Autovettura privata;In marcia / fermata / arresto;Conducente;M;Illeso;0;;Utilizzato;Inesploso
4975135;12;02/07/2020 10:30:00;Strada Urbana;PIAZZA GUIDO PIOVENE;da specificare;;;;prossimit� V.le Carlo Levi;Scontro laterale fra veicoli in marcia;Rotatoria;Una carreggiata a senso unico di marcia;Asciutto;Asfaltata;Verticale ed orizzontale;Sereno;Normale;Buona;Ore Diurne;0;0;0;2;12.466;41.8119;-1;2;Autovettura privata;In marcia / fermata / arresto;Conducente;F;Illeso;0;;Utilizzato;Inesploso
4975170;13;02/07/2020 05:40:00;Strada Urbana;VIALE DEI ROMAGNOLI;in corrispondenza;;del civico n.;657;;Veicolo in marcia contro ostacolo fisso;Rettilineo;Una carreggiata a doppio senso;Asciutto;Asfaltata;Verticale ed orizzontale;Sereno;Scarso;Buona;;0;0;0;1;12.2993;41.7576;-1;1;Autovettura privata;In marcia / fermata / arresto;Conducente;F;Illeso;0;;Non accertato;Inesploso
4975253;19;01/07/2020 13:00:00;Strada Urbana;VIA PIETRO GASPARRI;all'intersezione con;VIA TOMMASO DE VIO;VIA TOMMASO DE VIO;;;Scontro laterale fra veicoli in marcia;Incrocio;Una carreggiata a senso unico di marcia;Asciutto;Asfaltata;Verticale ed orizzontale;Sereno;Scarso;Buona;;1;0;0;2;12.4147;41.9215;-1;1;Autobus urbano;In marcia / fermata / arresto;Conducente;M;Illeso;0;;Non accertato;Inesploso
4975253;19;01/07/2020 13:00:00;Strada Urbana;VIA PIETRO GASPARRI;all'intersezione con;VIA TOMMASO DE VIO;VIA TOMMASO DE VIO;;;Scontro laterale fra veicoli in marcia;Incrocio;Una carreggiata a senso unico di marcia;Asciutto;Asfaltata;Verticale ed orizzontale;Sereno;Scarso;Buona;;1;0;0;2;12.4147;41.9215;-1;1;Autobus urbano;In marcia / fermata / arresto;Passeggero;F;Rimandato;0;NON DECEDUTO;Non accertato;Inesistente
4975253;19;01/07/2020 13:00:00;Strada Urbana;VIA PIETRO GASPARRI;all'intersezione con;VIA TOMMASO DE VIO;VIA TOMMASO DE VIO;;;Scontro laterale fra veicoli in marcia;Incrocio;Una carreggiata a senso unico di marcia;Asciutto;Asfaltata;Verticale ed orizzontale;Sereno;Scarso;Buona;;1;0;0;2;12.4147;41.9215;-1;1;Autobus urbano;In marcia / fermata / arresto;Passeggero;F;Illeso;0;;Non accertato;Inesistente
4975253;19;01/07/2020 13:00:00;Strada Urbana;VIA PIETRO GASPARRI;all'intersezione con;VIA TOMMASO DE VIO;VIA TOMMASO DE VIO;;;Scontro laterale fra veicoli in marcia;Incrocio;Una carreggiata a senso unico di marcia;Asciutto;Asfaltata;Verticale ed orizzontale;Sereno;Scarso;Buona;;1;0;0;2;12.4147;41.9215;-1;2;Autocarro inferiore 35 q.;Allontanatosi;;;;;;;
4975284;19;02/07/2020 03:15:00;Strada Urbana;VIA DI TORREVECCHIA;in prossimit�;;del civico n.;257;;Tamponamento;Rettilineo;Una carreggiata a doppio senso;Asciutto;Asfaltata;Verticale ed orizzontale;Sereno;Scarso;Sufficiente;Sufficiente;1;0;0;1;12.4171;41.9286;-1;1;Autovettura privata;In marcia / fermata / arresto;Conducente;M;Illeso;0;;Non accertato;Inesploso
4975284;19;02/07/2020 03:15:00;Strada Urbana;VIA DI TORREVECCHIA;in prossimit�;;del civico n.;257;;Tamponamento;Rettilineo;Una carreggiata a doppio senso;Asciutto;Asfaltata;Verticale ed orizzontale;Sereno;Scarso;Sufficiente;Sufficiente;1;0;0;1;12.4171;41.9286;-1;2;Autovettura privata;In marcia / fermata / arresto;Conducente;M;Rimandato;0;NON DECEDUTO;Non accertato;Inesploso
4975284;19;02/07/2020 03:15:00;Strada Urbana;VIA DI TORREVECCHIA;in prossimit�;;del civico n.;257;;Tamponamento;Rettilineo;Una carreggiata a doppio senso;Asciutto;Asfaltata;Verticale ed orizzontale;Sereno;Scarso;Sufficiente;Sufficiente;1;0;0;1;12.4171;41.9286;-1;3;Autovettura privata;Sosta;;;;;;;
4975284;19;02/07/2020 03:15:00;Strada Urbana;VIA DI TORREVECCHIA;in prossimit�;;del civico n.;257;;Tamponamento;Rettilineo;Una carreggiata a doppio senso;Asciutto;Asfaltata;Verticale ed orizzontale;Sereno;Scarso;Sufficiente;Sufficiente;1;0;0;1;12.4171;41.9286;-1;4;Autovettura privata;Sosta;;;;;;;
4975284;19;02/07/2020 03:15:00;Strada Urbana;VIA DI TORREVECCHIA;in prossimit�;;del civico n.;257;;Tamponamento;Rettilineo;Una carreggiata a doppio senso;Asciutto;Asfaltata;Verticale ed orizzontale;Sereno;Scarso;Sufficiente;Sufficiente;1;0;0;1;12.4171;41.9286;-1;5;Motociclo a solo;Sosta;;;;;;;
4975284;19;02/07/2020 03:15:00;Strada Urbana;VIA DI TORREVECCHIA;in prossimit�;;del civico n.;257;;Tamponamento;Rettilineo;Una carreggiata a doppio senso;Asciutto;Asfaltata;Verticale ed orizzontale;Sereno;Scarso;Sufficiente;Sufficiente;1;0;0;1;12.4171;41.9286;-1;6;Autovettura privata;Sosta;;;;;;;
4975284;19;02/07/2020 03:15:00;Strada Urbana;VIA DI TORREVECCHIA;in prossimit�;;del civico n.;257;;Tamponamento;Rettilineo;Una carreggiata a doppio senso;Asciutto;Asfaltata;Verticale ed orizzontale;Sereno;Scarso;Sufficiente;Sufficiente;1;0;0;1;12.4171;41.9286;-1;7;Autovettura privata;Sosta;;;;;;;
4975322;6;02/07/2020 11:00:00;Strada Urbana;VIA PRENESTINA;all'intersezione semaforizzata con;VIA COLLATINA;VIA COLLATINA;;;Scontro frontale/laterale DX fra veicoli in marcia;Intersezione semaforizzata;Due carreggiate;Asciutto;Asfaltata;Verticale ed orizzontale;Sereno;Normale;Buona;Ore Diurne;3;0;0;0;12.563;41.8949;-1;1;Autovettura di polizia;In marcia / fermata / arresto;Conducente;M;Rimandato;0;NON DECEDUTO;Non accertato;Inesploso
4975322;6;02/07/2020 11:00:00;Strada Urbana;VIA PRENESTINA;all'intersezione semaforizzata con;VIA COLLATINA;VIA COLLATINA;;;Scontro frontale/laterale DX fra veicoli in marcia;Intersezione semaforizzata;Due carreggiate;Asciutto;Asfaltata;Verticale ed orizzontale;Sereno;Normale;Buona;Ore Diurne;3;0;0;0;12.563;41.8949;-1;1;Autovettura di polizia;In marcia / fermata / arresto;Passeggero;M;Rimandato;0;NON DECEDUTO;;
4975322;6;02/07/2020 11:00:00;Strada Urbana;VIA PRENESTINA;all'intersezione semaforizzata con;VIA COLLATINA;VIA COLLATINA;;;Scontro frontale/laterale DX fra veicoli in marcia;Intersezione semaforizzata;Due carreggiate;Asciutto;Asfaltata;Verticale ed orizzontale;Sereno;Normale;Buona;Ore Diurne;3;0;0;0;12.563;41.8949;-1;2;Autovettura privata;In marcia / fermata / arresto;Conducente;F;Rimandato;0;NON DECEDUTO;Non accertato;Inesploso
4975370;17;02/07/2020 10:30:00;Strada Urbana;VIALE GIOVANNI FALCONE E PAOLO BORSELLINO;in prossimit�;;del civico n.;3;;Veicolo in marcia contro ostacolo fisso;Rettilineo;Due carreggiate;Asciutto;Asfaltata;Verticale ed orizzontale;Sereno;Scarso;Buona;Ore Diurne;0;0;0;2;12.4527;41.9183;-1;1;Autovettura privata;In marcia / fermata / arresto;Conducente;F;Illeso;0;;;
4975370;17;02/07/2020 10:30:00;Strada Urbana;VIALE GIOVANNI FALCONE E PAOLO BORSELLINO;in prossimit�;;del civico n.;3;;Veicolo in marcia contro ostacolo fisso;Rettilineo;Due carreggiate;Asciutto;Asfaltata;Verticale ed orizzontale;Sereno;Scarso;Buona;Ore Diurne;0;0;0;2;12.4527;41.9183;-1;1;Autovettura privata;In marcia / fermata / arresto;Passeggero;M;Illeso;0;;Non accertato;Inesploso
4975371;19;01/07/2020 13:00:00;Strada Urbana;VIA PASQUALE II;in corrispondenza;;del civico n.;196;;Veicolo in marcia contro veicolo in sosta;Rettilineo;Una carreggiata a doppio senso;Asciutto;Asfaltata;Verticale ed orizzontale;Sereno;Normale;Buona;Ore Diurne;0;0;0;1;12.4094;41.9102;-1;1;Autocarro inferiore 35 q.;Sosta;;;;;;;
4975371;19;01/07/2020 13:00:00;Strada Urbana;VIA PASQUALE II;in corrispondenza;;del civico n.;196;;Veicolo in marcia contro veicolo in sosta;Rettilineo;Una carreggiata a doppio senso;Asciutto;Asfaltata;Verticale ed orizzontale;Sereno;Normale;Buona;Ore Diurne;0;0;0;1;12.4094;41.9102;-1;2;Autovettura pubblica;Allontanatosi;Conducente;F;Illeso;0;;;
4975440;16;01/07/2020 07:25:00;Strada Urbana;PIAZZALE PORTUENSE;all'intersezione con;PIAZZA DI PORTA PORTESE;PIAZZA DI PORTA PORTESE;;;Veicolo in marcia contro ostacolo accidentale;Incrocio;Una carreggiata a senso unico di marcia;Bagnato (umidit� in atto);In cubetti di porfido;Verticale;Sereno;Normale;Buona;;0;0;0;1;12.4742;41.8838;-1;1;Motociclo a solo;In marcia / fermata / arresto;Conducente;M;Illeso;0;;Non accertato;
4975453;19;01/07/2020 17:15:00;Strada Urbana;VIA TRIONFALE;in prossimit�;;del civico n.;8610;;Scontro laterale fra veicoli in marcia;Rettilineo;Una carreggiata a senso unico di marcia;Asciutto;Asfaltata;Verticale ed orizzontale;Sereno;Intenso;Buona;;0;0;0;2;12.4244;41.9395;-1;1;Autocarro inferiore 35 q.;In marcia / fermata / arresto;Conducente;M;Illeso;0;;;
4975453;19;01/07/2020 17:15:00;Strada Urbana;VIA TRIONFALE;in prossimit�;;del civico n.;8610;;Scontro laterale fra veicoli in marcia;Rettilineo;Una carreggiata a senso unico di marcia;Asciutto;Asfaltata;Verticale ed orizzontale;Sereno;Intenso;Buona;;0;0;0;2;12.4244;41.9395;-1;2;Autovettura privata;In marcia / fermata / arresto;Conducente;M;Illeso;0;;;
4975462;16;01/07/2020 11:15:00;Strada Urbana;VIA EDOARDO JENNER;in prossimit�;;del civico n.;1;;Scontro laterale fra veicoli in marcia;Rettilineo;Una carreggiata a doppio senso;Asciutto;Asfaltata;Verticale ed orizzontale;Sereno;Normale;Buona;;0;0;0;2;12.446;41.8747;-1;1;Autovettura privata;In marcia / fermata / arresto;Conducente;F;Illeso;0;;Non accertato;Inesploso
4975462;16;01/07/2020 11:15:00;Strada Urbana;VIA EDOARDO JENNER;in prossimit�;;del civico n.;1;;Scontro laterale fra veicoli in marcia;Rettilineo;Una carreggiata a doppio senso;Asciutto;Asfaltata;Verticale ed orizzontale;Sereno;Normale;Buona;;0;0;0;2;12.446;41.8747;-1;2;Autovettura privata;In marcia / fermata / arresto;Conducente;F;Illeso;0;;;
4975470;19;01/07/2020 17:30:00;Strada Urbana;VIA CAIRO MONTENOTTE;in prossimit�;;del civico n.;13;;Veicolo in marcia contro veicolo in sosta;Curva senza visuale libera;Una carreggiata a doppio senso;Asciutto;Asfaltata;Assente;Sereno;Scarso;Buona;;0;0;0;0;12.4238;41.9288;-1;1;Autovettura privata;Allontanatosi;;;;;;;