Protocollo;Gruppo;DataOraIncidente;Localizzazione1;STRADA1;Localizzazione2;STRADA2;Strada02;Chilometrica;DaSpecificare;NaturaIncidente;particolaritastrade;TipoStrada;FondoStradale;Pavimentazione;Segnaletica;CondizioneAtmosferica;Traffico;Visibilita;Illuminazione;NUM_FERITI;NUM_RISERVATA;NUM_MORTI;NUM_ILLESI;Longitudine;Latitudine;Confermato;Progressivo;TipoVeicolo;StatoVeicolo;TipoPersona;Sesso;Tipolesione;Deceduto;DecedutoDopo;CinturaCascoUtilizzato;Airbag;
4976575;2;02/07/2020 19:00:00;Strada Urbana;VIA NOMENTANA;all'intersezione con;VIA GIUSEPPE VASI;VIA GIUSEPPE VASI;;;Scontro laterale fra veicoli in marcia;Incrocio;Una carreggiata a senso unico di marcia;Asciutto;Asfaltata;Verticale ed orizzontale;Sereno;Normale;Buona;;0;0;0;3;12.5736;41.959;-1;2;Autovettura privata;In marcia / fermata / arresto;Conducente;M;Illeso;0;;;
4976575;2;02/07/2020 19:00:00;Strada Urbana;VIA NOMENTANA;all'intersezione con;VIA GIUSEPPE VASI;VIA GIUSEPPE VASI;;;Scontro laterale fra veicoli in marcia;Incrocio;Una carreggiata a senso unico di marcia;Asciutto;Asfaltata;Verticale ed orizzontale;Sereno;Normale;Buona;;0;0;0;3;12.5736;41.959;-1;2;Autovettura privata;In marcia / fermata / arresto;Passeggero;F;Illeso;0;;;
4976581;17;02/07/2020 13:45:00;Strada Urbana;VIA VIRGINIO ORSINI;all'intersezione con;VIA DEGLI SCIPIONI;VIA DEGLI SCIPIONI;;;Scontro frontale/laterale DX fra veicoli in marcia;Incrocio;Una carreggiata a senso unico di marcia;Asciutto;Asfaltata;Verticale ed orizzontale;Sereno;Normale;Buona;Ore Diurne;1;0;0;2;12.4691;41.9113;-1;1;Autovettura privata;In marcia / fermata / arresto;Conducente;M;Illeso;0;;;
4976581;17;02/07/2020 13:45:00;Strada Urbana;VIA VIRGINIO ORSINI;all'intersezione con;VIA DEGLI SCIPIONI;VIA DEGLI SCIPIONI;;;Scontro frontale/laterale DX fra veicoli in marcia;Incrocio;Una carreggiata a senso unico di marcia;Asciutto;Asfaltata;Verticale ed orizzontale;Sereno;Normale;Buona;Ore Diurne;1;0;0;2;12.4691;41.9113;-1;1;Autovettura privata;In marcia / fermata / arresto;Passeggero;M;Illeso;0;;;
4976581;17;02/07/2020 13:45:00;Strada Urbana;VIA VIRGINIO ORSINI;all'intersezione con;VIA DEGLI SCIPIONI;VIA DEGLI SCIPIONI;;;Scontro frontale/laterale DX fra veicoli in marcia;Incrocio;Una carreggiata a senso unico di marcia;Asciutto;Asfaltata;Verticale ed orizzontale;Sereno;Normale;Buona;Ore Diurne;1;0;0;2;12.4691;41.9113;-1;2;Motociclo a solo;In marcia / fermata / arresto;Conducente;M;Rimandato;0;NON DECEDUTO;;
4976584;4;02/07/2020 22:20:00;Strada Urbana;VIA DELLE VIGNE NUOVE;in corrispondenza;;del civico n.;86;;Veicolo in marcia contro veicolo in sosta;Rettilineo;Una carreggiata a doppio senso;Asciutto;Asfaltata;Assente;Sereno;Normale;Sufficiente;Sufficiente;0;0;0;0;12.5372;41.9479;-1;1;Autovettura privata;Sosta;;;;;;;
4976584;4;02/07/2020 22:20:00;Strada Urbana;VIA DELLE VIGNE NUOVE;in corrispondenza;;del civico n.;86;;Veicolo in marcia contro veicolo in sosta;Rettilineo;Una carreggiata a doppio senso;Asciutto;Asfaltata;Assente;Sereno;Normale;Sufficiente;Sufficiente;0;0;0;0;12.5372;41.9479;-1;2;Autovettura privata;Allontanatosi;;;;;;;
4976590;2;02/07/2020 16:20:00;Strada Urbana;PIAZZA THORVALDSEN;all'intersezione con;VIALE DELLE BELLE ARTI;VIALE DELLE BELLE ARTI;;;Scontro laterale fra veicoli in marcia;Intersezione stradale segnalata;Una carreggiata a doppio senso;Asciutto;Asfaltata;Verticale ed orizzontale;Sereno;Normale;Buona;;1;0;0;2;12.4804;41.9174;-1;1;Autovettura di polizia;In marcia / fermata / arresto;Conducente;M;Illeso;0;;Non accertato;Inesploso
4976590;2;02/07/2020 16:20:00;Strada Urbana;PIAZZA THORVALDSEN;all'intersezione con;VIALE DELLE BELLE ARTI;VIALE DELLE BELLE ARTI;;;Scontro laterale fra veicoli in marcia;Intersezione stradale segnalata;Una carreggiata a doppio senso;Asciutto;Asfaltata;Verticale ed orizzontale;Sereno;Normale;Buona;;1;0;0;2;12.4804;41.9174;-1;1;Autovettura di polizia;In marcia / fermata / arresto;Passeggero;M;Illeso;0;;Non accertato;Inesploso
4976590;2;02/07/2020 16:20:00;Strada Urbana;PIAZZA THORVALDSEN;all'intersezione con;VIALE DELLE BELLE ARTI;VIALE DELLE BELLE ARTI;;;Scontro laterale fra veicoli in marcia;Intersezione stradale segnalata;Una carreggiata a doppio senso;Asciutto;Asfaltata;Verticale ed orizzontale;Sereno;Normale;Buona;;1;0;0;2;12.4804;41.9174;-1;2;Motociclo a solo;In marcia / fermata / arresto;Conducente;F;Rimandato;0;NON DECEDUTO;Non accertato;
4976626;17;02/07/2020 16:45:00;Strada Urbana;PIAZZA GIUSEPPE MAZZINI;in prossimit�;;del civico n.;14;;Veicolo in marcia contro veicoli in sosta;Rotatoria;Una carreggiata a senso unico di marcia;Asciutto;Asfaltata;Verticale ed orizzontale;Sereno;Normale;Buona;Ore Diurne;0;0;0;1;12.4664;41.9176;-1;1;Autovettura privata;In marcia / fermata / arresto;Conducente;F;Illeso;0;;;
4976626;17;02/07/2020 16:45:00;Strada Urbana;PIAZZA GIUSEPPE MAZZINI;in prossimit�;;del civico n.;14;;Veicolo in marcia contro veicoli in sosta;Rotatoria;Una carreggiata a senso unico di marcia;Asciutto;Asfaltata;Verticale ed orizzontale;Sereno;Normale;Buona;Ore Diurne;0;0;0;1;12.4664;41.9176;-1;2;Motociclo con passeggero;Sosta;;;;;;;
4976626;17;02/07/2020 16:45:00;Strada Urbana;PIAZZA GIUSEPPE MAZZINI;in prossimit�;;del civico n.;14;;Veicolo in marcia contro veicoli in sosta;Rotatoria;Una carreggiata a senso unico di marcia;Asciutto;Asfaltata;Verticale ed orizzontale;Sereno;Normale;Buona;Ore Diurne;0;0;0;1;12.4664;41.9176;-1;3;Ciclomotore con passeggero;Sosta;;;;;;;
4976626;17;02/07/2020 16:45:00;Strada Urbana;PIAZZA GIUSEPPE MAZZINI;in prossimit�;;del civico n.;14;;Veicolo in marcia contro veicoli in sosta;Rotatoria;Una carreggiata a senso unico di marcia;Asciutto;Asfaltata;Verticale ed orizzontale;Sereno;Normale;Buona;Ore Diurne;0;0;0;1;12.4664;41.9176;-1;4;Motociclo con passeggero;Sosta;;;;;;;
4976720;10;03/07/2020 12:30:00;Strada Urbana;VIA DELLA CAVONA;in prossimit�;;del civico n.;69;;Investimento di pedone;Curva a visuale libera;Una carreggiata a doppio senso;Asciutto;Asfaltata;Verticale ed orizzontale;Sereno;Normale;Buona;Ore Diurne;1;0;0;1;12.6368;41.8036;-1;;;;Pedone;F;Rimandato;0;NON DECEDUTO;;
4976720;10;03/07/2020 12:30:00;Strada Urbana;VIA DELLA CAVONA;in prossimit�;;del civico n.;69;;Investimento di pedone;Curva a visuale libera;Una carreggiata a doppio senso;Asciutto;Asfaltata;Verticale ed orizzontale;Sereno;Normale;Buona;Ore Diurne;1;0;0;1;12.6368;41.8036;-1;1;Autocarro inferiore 35 q.;In marcia / fermata / arresto;Conducente;M;Illeso;0;;Non accertato;Inesploso
4976796;17;02/07/2020 19:10:00;Strada Urbana;VIA TRIONFALE;in prossimit�;;del civico n.;5775;;Tamponamento Multiplo;Rettilineo;Una carreggiata a doppio senso;Asciutto;Asfaltata;Verticale ed orizzontale;Sereno;Normale;Buona;Ore Diurne;0;0;0;3;12.4476;41.9256;-1;1;Autovettura privata;In marcia / fermata / arresto;Conducente;F;Illeso;0;;Non accertato;Inesploso
4976796;17;02/07/2020 19:10:00;Strada Urbana;VIA TRIONFALE;in prossimit�;;del civico n.;5775;;Tamponamento Multiplo;Rettilineo;Una carreggiata a doppio senso;Asciutto;Asfaltata;Verticale ed orizzontale;Sereno;Normale;Buona;Ore Diurne;0;0;0;3;12.4476;41.9256;-1;2;Autovettura privata;In marcia / fermata / arresto;Conducente;F;Illeso;0;;Non accertato;Inesploso
4976796;17;02/07/2020 19:10:00;Strada Urbana;VIA TRIONFALE;in prossimit�;;del civico n.;5775;;Tamponamento Multiplo;Rettilineo;Una carreggiata a doppio senso;Asciutto;Asfaltata;Verticale ed orizzontale;Sereno;Normale;Buona;Ore Diurne;0;0;0;3;12.4476;41.9256;-1;3;Autovettura privata;In marcia / fermata / arresto;Conducente;M;Illeso;0;;Non accertato;Inesploso
4976800;9;03/07/2020 12:30:00;Strada Urbana;LARGO BRINDISI;all'intersezione semaforizzata con;PIAZZALE APPIO;PIAZZALE APPIO;;;Scontro laterale fra veicoli in marcia;Intersezione semaforizzata;Una carreggiata a doppio senso;Asciutto;Asfaltata;Verticale ed orizzontale;Sereno;Intenso;Buona;Ore Diurne;0;0;0;1;12.5099;41.8855;-1;1;Autovettura privata;In marcia / fermata / arresto;Conducente;M;Illeso;0;;Non accertato;Inesploso
4976800;9;03/07/2020 12:30:00;Strada Urbana;LARGO BRINDISI;all'intersezione semaforizzata con;PIAZZALE APPIO;PIAZZALE APPIO;;;Scontro laterale fra veicoli in marcia;Intersezione semaforizzata;Una carreggiata a doppio senso;Asciutto;Asfaltata;Verticale ed orizzontale;Sereno;Intenso;Buona;Ore Diurne;0;0;0;1;12.5099;41.8855;-1;2;Autovettura privata;Allontanatosi;;;;;;;
4976853;17;03/07/2020 01:00:00;Strada Urbana;VIA EMANUELE FILIBERTO;all'intersezione semaforizzata con;VIA STATILIA;VIA STATILIA;;;Scontro frontale/laterale SX fra veicoli in marcia;Intersezione semaforizzata;Una carreggiata a doppio senso;Asciutto;Asfaltata;Verticale ed orizzontale;Sereno;Scarso;Sufficiente;Sufficiente;0;0;0;3;12.507;41.8899;-1;1;Autovettura pubblica;In marcia / fermata / arresto;Conducente;M;Illeso;0;;;
4976853;17;03/07/2020 01:00:00;Strada Urbana;VIA EMANUELE FILIBERTO;all'intersezione semaforizzata con;VIA STATILIA;VIA STATILIA;;;Scontro frontale/laterale SX fra veicoli in marcia;Intersezione semaforizzata;Una carreggiata a doppio senso;Asciutto;Asfaltata;Verticale ed orizzontale;Sereno;Scarso;Sufficiente;Sufficiente;0;0;0;3;12.507;41.8899;-1;1;Autovettura pubblica;In marcia / fermata / arresto;Passeggero;M;Illeso;0;;;
4976853;17;03/07/2020 01:00:00;Strada Urbana;VIA EMANUELE FILIBERTO;all'intersezione semaforizzata con;VIA STATILIA;VIA STATILIA;;;Scontro frontale/laterale SX fra veicoli in marcia;Intersezione semaforizzata;Una carreggiata a doppio senso;Asciutto;Asfaltata;Verticale ed orizzontale;Sereno;Scarso;Sufficiente;Sufficiente;0;0;0;3;12.507;41.8899;-1;2;Autobus di linea;In marcia / fermata / arresto;Conducente;M;Illeso;0;;;
4976864;6;03/07/2020 09:00:00;Strada Urbana;VIA TOR DE' SCHIAVI;in prossimit�;;del civico n.;315;;Investimento di pedone;Rettilineo;Due carreggiate;Asciutto;Asfaltata;Verticale ed orizzontale;Sereno;Normale;Buona;;1;0;0;1;12.56;41.8919;-1;;;;Pedone;F;Rimandato;0;NON DECEDUTO;;
4976864;6;03/07/2020 09:00:00;Strada Urbana;VIA TOR DE' SCHIAVI;in prossimit�;;del civico n.;315;;Investimento di pedone;Rettilineo;Due carreggiate;Asciutto;Asfaltata;Verticale ed orizzontale;Sereno;Normale;Buona;;1;0;0;1;12.56;41.8919;-1;1;Autovettura privata;In marcia / fermata / arresto;Conducente;M;Illeso;0;;;
4976879;12;02/07/2020 20:00:00;Strada Urbana;VIA ALDO DELLA ROCCA;in prossimit�;;del civico n.;65;;Scontro frontale fra veicoli in marcia;Rettilineo;Una carreggiata a doppio senso;Asciutto;Asfaltata;Verticale;Sereno;Normale;Buona;Ore Diurne;0;0;0;3;12.4305;41.7867;-1;1;Autovettura privata;In marcia / fermata / arresto;Conducente;M;Illeso;0;;Non accertato;Inesploso
4976879;12;02/07/2020 20:00:00;Strada Urbana;VIA ALDO DELLA ROCCA;in prossimit�;;del civico n.;65;;Scontro frontale fra veicoli in marcia;Rettilineo;Una carreggiata a doppio senso;Asciutto;Asfaltata;Verticale;Sereno;Normale;Buona;Ore Diurne;0;0;0;3;12.4305;41.7867;-1;2;Autovettura privata;In marcia / fermata / arresto;Conducente;M;Illeso;0;;Non accertato;Inesploso
4976879;12;02/07/2020 20:00:00;Strada Urbana;VIA ALDO DELLA ROCCA;in prossimit�;;del civico n.;65;;Scontro frontale fra veicoli in marcia;Rettilineo;Una carreggiata a doppio senso;Asciutto;Asfaltata;Verticale;Sereno;Normale;Buona;Ore Diurne;0;0;0;3;12.4305;41.7867;-1;2;Autovettura privata;In marcia / fermata / arresto;Passeggero;F;Illeso;0;;Non accertato;Inesploso
4976899;7;03/07/2020 14:45:00;Altra strada;VIA COSTANZO CANTONI;in corrispondenza;;del civico n.;11;;Veicolo in marcia contro veicolo in sosta;Rettilineo;Una carreggiata a doppio senso;Asciutto;Asfaltata;Assente;Sereno;Scarso;Buona;Ore Diurne;0;0;0;0;12.6087;41.8901;-1;1;Autocarro inferiore 35 q.;In marcia / fermata / arresto;;;;;;;
4976899;7;03/07/2020 14:45:00;Altra strada;VIA COSTANZO CANTONI;in corrispondenza;;del civico n.;11;;Veicolo in marcia contro veicolo in sosta;Rettilineo;Una carreggiata a doppio senso;Asciutto;Asfaltata;Assente;Sereno;Scarso;Buona;Ore Diurne;0;0;0;0;12.6087;41.8901;-1;2;Autovettura privata;Sosta;;;;;;;
4976955;17;03/07/2020 14:30:00;Strada Urbana;VIALE GIULIO CESARE;in prossimit�;;del civico n.;66;;Veicolo in marcia contro veicolo in sosta;Rettilineo;Due carreggiate;Asciutto;Asfaltata;Verticale ed orizzontale;Sereno;Normale;Buona;Ore Diurne;0;0;0;3;12.4575;41.9095;0;1;Autovettura privata;In marcia / fermata / arresto;Conducente;F;Illeso;0;;;
4976955;17;03/07/2020 14:30:00;Strada Urbana;VIALE GIULIO CESARE;in prossimit�;;del civico n.;66;;Veicolo in marcia contro veicolo in sosta;Rettilineo;Due carreggiate;Asciutto;Asfaltata;Verticale ed orizzontale;Sereno;Normale;Buona;Ore Diurne;0;0;0;3;12.4575;41.9095;0;1;Autovettura privata;In marcia / fermata / arresto;Passeggero;M;Illeso;0;;;
4976955;17;03/07/2020 14:30:00;Strada Urbana;VIALE GIULIO CESARE;in prossimit�;;del civico n.;66;;Veicolo in marcia contro veicolo in sosta;Rettilineo;Due carreggiate;Asciutto;Asfaltata;Verticale ed orizzontale;Sereno;Normale;Buona;Ore Diurne;0;0;0;3;12.4575;41.9095;0;1;Autovettura privata;In marcia / fermata / arresto;Passeggero;F;Illeso;0;;;
4976955;17;03/07/2020 14:30:00;Strada Urbana;VIALE GIULIO CESARE;in prossimit�;;del civico n.;66;;Veicolo in marcia contro veicolo in sosta;Rettilineo;Due carreggiate;Asciutto;Asfaltata;Verticale ed orizzontale;Sereno;Normale;Buona;Ore Diurne;0;0;0;3;12.4575;41.9095;0;2;Motociclo a solo;Sosta;;;;;;;
4976977;12;03/07/2020 08:05:00;Strada Urbana;VIALE DELL'OCEANO ATLANTICO;all'intersezione con;VIALE CRISTOFORO COLOMBO;VIALE CRISTOFORO COLOMBO;;;Scontro laterale fra veicoli in marcia;Incrocio;Una carreggiata a senso unico di marcia;Asciutto;Asfaltata;Verticale ed orizzontale;Sereno;Normale;Buona;Ore Diurne;0;0;0;3;12.4633;41.8187;-1;1;Autovettura privata;In marcia / fermata / arresto;Conducente;F;Illeso;0;;Non accertato;Inesploso
4976977;12;03/07/2020 08:05:00;Strada Urbana;VIALE DELL'OCEANO ATLANTICO;all'intersezione con;VIALE CRISTOFORO COLOMBO;VIALE CRISTOFORO COLOMBO;;;Scontro laterale fra veicoli in marcia;Incrocio;Una carreggiata a senso unico di marcia;Asciutto;Asfaltata;Verticale ed orizzontale;Sereno;Normale;Buona;Ore Diurne;0;0;0;3;12.4633;41.8187;-1;2;Autovettura di polizia;In marcia / fermata / arresto;Conducente;M;Illeso;0;;Non accertato;Inesploso
4976977;12;03/07/2020 08:05:00;Strada Urbana;VIALE DELL'OCEANO ATLANTICO;all'intersezione con;VIALE CRISTOFORO COLOMBO;VIALE CRISTOFORO COLOMBO;;;Scontro laterale fra veicoli in marcia;Incrocio;Una carreggiata a senso unico di marcia;Asciutto;Asfaltata;Verticale ed orizzontale;Sereno;Normale;Buona;Ore Diurne;0;0;0;3;12.4633;41.8187;-1;2;Autovettura di polizia;In marcia / fermata / arresto;Passeggero;M;Illeso;0;;Non accertato;Inesploso
4976984;7;03/07/2020 16:00:00;Strada Urbana;VIA DELLA RUSTICA;da specificare;;;;prossimit� f.c. 117;Veicolo in marcia contro ostacolo accidentale;Rettilineo;Una carreggiata a doppio senso;Asciutto;Asfaltata;Orizzontale;Sereno;Scarso;Buona;Ore Diurne;0;0;0;1;12.6022;41.9113;-1;1;Motociclo con passeggero;In marcia / fermata / arresto;Conducente;M;Illeso;0;;Non accertato;
4976991;11;03/07/2020 13:30:00;Strada Urbana;LARGO BEATO PLACIDO RICCARDI;all'intersezione semaforizzata con;VIA OSTIENSE;VIA OSTIENSE;;;Scontro laterale fra veicoli in marcia;Intersezione semaforizzata;Due carreggiate;Asciutto;Asfaltata;Verticale ed orizzontale;Sereno;Normale;Buona;Ore Diurne;1;0;0;1;12.4773;41.8567;-1;1;Motociclo a solo;In marcia / fermata / arresto;Conducente;M;Rimandato;0;NON DECEDUTO;Non accertato;
4976991;11;03/07/2020 13:30:00;Strada Urbana;LARGO BEATO PLACIDO RICCARDI;all'intersezione semaforizzata con;VIA OSTIENSE;VIA OSTIENSE;;;Scontro laterale fra veicoli in marcia;Intersezione semaforizzata;Due carreggiate;Asciutto;Asfaltata;Verticale ed orizzontale;Sereno;Normale;Buona;Ore Diurne;1;0;0;1;12.4773;41.8567;-1;2;Autovettura privata;In marcia / fermata / arresto;Conducente;M;Illeso;0;;Non accertato;
4977100;9;03/07/2020 16:30:00;Strada Urbana;VIA ANICIO PAOLINO;in prossimit�;;del civico n.;11;;Scontro laterale fra veicoli in marcia;Rettilineo;Una carreggiata a doppio senso;Asciutto;Asfaltata;Assente;Sereno;Scarso;Buona;Ore Diurne;1;0;0;0;12.5363;41.8595;0;1;Autovettura privata;Allontanatosi;;;;;;;
4977100;9;03/07/2020 16:30:00;Strada Urbana;VIA ANICIO PAOLINO;in prossimit�;;del civico n.;11;;Scontro laterale fra veicoli in marcia;Rettilineo;Una carreggiata a doppio senso;Asciutto;Asfaltata;Assente;Sereno;Scarso;Buona;Ore Diurne;1;0;0;0;12.5363;41.8595;0;2;Motociclo a solo;In marcia / fermata / arresto;Conducente;M;Rimandato;0;NON DECEDUTO;;
4977120;12;03/07/2020 11:00:00;Altra strada;VIA ARDEATINA;da specificare;;;;rampa uscita gra, incr V.Ardeatina alt Caruccio;Scontro laterale fra veicoli in marcia;Pianeggiante;Una carreggiata a senso unico di marcia;Asciutto;Asfaltata;Verticale ed orizzontale;Sereno;Normale;Buona;Ore Diurne;0;0;0;2;12.5255;41.8131;-1;1;Autocarro superiore 35 q.;In marcia / fermata / arresto;Conducente;M;Illeso;0;;Non accertato;Inesploso
4977120;12;03/07/2020 11:00:00;Altra strada;VIA ARDEATINA;da specificare;;;;rampa uscita gra, incr V.Ardeatina alt Caruccio;Scontro laterale fra veicoli in marcia;Pianeggiante;Una carreggiata a senso unico di marcia;Asciutto;Asfaltata;Verticale ed orizzontale;Sereno;Normale;Buona;Ore Diurne;0;0;0;2;12.5255;41.8131;-1;2;Autovettura privata;In marcia / fermata / arresto;Conducente;M;Illeso;0;;Non accertato;Inesploso
4977147;10;03/07/2020 17:00:00;Strada Urbana;VIA CAPISTRANO;all'intersezione con;VIA STIGNANO;VIA STIGNANO;;;Scontro laterale fra veicoli in marcia;Intersezione stradale segnalata;Due carreggiate;Asciutto;Asfaltata;Verticale ed orizzontale;Sereno;Normale;Buona;Ore Diurne;0;0;0;5;12.5843;41.8382;-1;1;Autovettura privata;In marcia / fermata / arresto;Conducente;F;Illeso;0;;Non accertato;Inesploso
4977147;10;03/07/2020 17:00:00;Strada Urbana;VIA CAPISTRANO;all'intersezione con;VIA STIGNANO;VIA STIGNANO;;;Scontro laterale fra veicoli in marcia;Intersezione stradale segnalata;Due carreggiate;Asciutto;Asfaltata;Verticale ed orizzontale;Sereno;Normale;Buona;Ore Diurne;0;0;0;5;12.5843;41.8382;-1;2;Autovettura privata;In marcia / fermata / arresto;Conducente;M;Illeso;0;;Non accertato;Inesploso
4977147;10;03/07/2020 17:00:00;Strada Urbana;VIA CAPISTRANO;all'intersezione con;VIA STIGNANO;VIA STIGNANO;;;Scontro laterale fra veicoli in marcia;Intersezione stradale segnalata;Due carreggiate;Asciutto;Asfaltata;Verticale ed orizzontale;Sereno;Normale;Buona;Ore Diurne;0;0;0;5;12.5843;41.8382;-1;2;Autovettura privata;In marcia / fermata / arresto;Passeggero;F;Illeso;0;;Non accertato;Inesploso
4977147;10;03/07/2020 17:00:00;Strada Urbana;VIA CAPISTRANO;all'intersezione con;VIA STIGNANO;VIA STIGNANO;;;Scontro laterale fra veicoli in marcia;Intersezione stradale segnalata;Due carreggiate;Asciutto;Asfaltata;Verticale ed orizzontale;Sereno;Normale;Buona;Ore Diurne;0;0;0;5;12.5843;41.8382;-1;2;Autovettura privata;In marcia / fermata / arresto;Passeggero;M;Illeso;0;;Non accertato;Inesploso
4977191;12;03/07/2020 16:15:00;Strada Urbana;VIALE DEI CADUTI PER LA RESISTENZA;in prossimit�;;del civico n.;51;;Scontro frontale/laterale SX fra veicoli in marcia;Rettilineo;Una carreggiata a senso unico di marcia;Asciutto;Asfaltata;Verticale ed orizzontale;Sereno;Normale;Buona;Ore Diurne;0;0;0;4;12.4497;41.7926;-1;1;Autovettura privata;In marcia / fermata / arresto;Conducente;F;Illeso;0;;Utilizzato;Inesploso
4977191;12;03/07/2020 16:15:00;Strada Urbana;VIALE DEI CADUTI PER LA RESISTENZA;in prossimit�;;del civico n.;51;;Scontro frontale/laterale SX fra veicoli in marcia;Rettilineo;Una carreggiata a senso unico di marcia;Asciutto;Asfaltata;Verticale ed orizzontale;Sereno;Normale;Buona;Ore Diurne;0;0;0;4;12.4497;41.7926;-1;1;Autovettura privata;In marcia / fermata / arresto;Passeggero;M;Illeso;0;;Utilizzato;Inesploso
4977191;12;03/07/2020 16:15:00;Strada Urbana;VIALE DEI CADUTI PER LA RESISTENZA;in prossimit�;;del civico n.;51;;Scontro frontale/laterale SX fra veicoli in marcia;Rettilineo;Una carreggiata a senso unico di marcia;Asciutto;Asfaltata;Verticale ed orizzontale;Sereno;Normale;Buona;Ore Diurne;0;0;0;4;12.4497;41.7926;-1;2;Autovettura privata;In marcia / fermata / arresto;Conducente;M;Illeso;0;;Utilizzato;Inesploso
4977191;12;03/07/2020 16:15:00;Strada Urbana;VIALE DEI CADUTI PER LA RESISTENZA;in prossimit�;;del civico n.;51;;Scontro frontale/laterale SX fra veicoli in marcia;Rettilineo;Una carreggiata a senso unico di marcia;Asciutto;Asfaltata;Verticale ed orizzontale;Sereno;Normale;Buona;Ore Diurne;0;0;0;4;12.4497;41.7926;-1;2;Autovettura privata;In marcia / fermata / arresto;Passeggero;M;Illeso;0;;Utilizzato;Inesploso
4977203;18;03/07/2020 18:00:00;Strada Urbana;VIA GREGORIO VII;in prossimit�;;del civico n.;116A;;Scontro frontale/laterale DX fra veicoli in marcia;Pendenza;Due carreggiate;Asciutto;Asfaltata;Verticale ed orizzontale;Sereno;Normale;Buona;Ore Diurne;0;0;0;2;12.4471;41.8954;-1;1;Autocarro inferiore 35 q.;In marcia / fermata / arresto;Conducente;M;Illeso;0;;Non accertato;Inesploso
4977203;18;03/07/2020 18:00:00;Strada Urbana;VIA GREGORIO VII;in prossimit�;;del civico n.;116A;;Scontro frontale/laterale DX fra veicoli in marcia;Pendenza;Due carreggiate;Asciutto;Asfaltata;Verticale ed orizzontale;Sereno;Normale;Buona;Ore Diurne;0;0;0;2;12.4471;41.8954;-1;2;Autovettura privata;In marcia / fermata / arresto;Conducente;F;Illeso;0;;Non accertato;Inesploso
4977676;11;03/07/2020 16:45:00;Strada Urbana;VIALE CARLO TOMMASO ODESCALCHI;all'intersezione con;VIA LIVIO AGRESTI;VIA LIVIO AGRESTI;;;Scontro laterale fra veicoli in marcia;Incrocio;Due carreggiate;Asciutto;Asfaltata;Verticale ed orizzontale;Sereno;Normale;Buona;;0;0;0;3;12.4987;41.8536;-1;1;Autocarro inferiore 35 q.;In marcia / fermata / arresto;Conducente;M;Illeso;0;;Non accertato;Inesploso
4977676;11;03/07/2020 16:45:00;Strada Urbana;VIALE CARLO TOMMASO ODESCALCHI;all'intersezione con;VIA LIVIO AGRESTI;VIA LIVIO AGRESTI;;;Scontro laterale fra veicoli in marcia;Incrocio;Due carreggiate;Asciutto;Asfaltata;Verticale ed orizzontale;Sereno;Normale;Buona;;0;0;0;3;12.4987;41.8536;-1;2;Autovettura privata;In marcia / fermata / arresto;Conducente;M;Illeso;0;;Non accertato;Inesploso
4977676;11;03/07/2020 16:45:00;Strada Urbana;VIALE CARLO TOMMASO ODESCALCHI;all'intersezione con;VIA LIVIO AGRESTI;VIA LIVIO AGRESTI;;;Scontro laterale fra veicoli in marcia;Incrocio;Due carreggiate;Asciutto;Asfaltata;Verticale ed orizzontale;Sereno;Normale;Buona;;0;0;0;3;12.4987;41.8536;-1;2;Autovettura privata;In marcia / fermata / arresto;Passeggero;M;Illeso;0;;Non accertato;
4977681;11;03/07/2020 08:30:00;Strada Urbana;VIA ARDEATINA;in prossimit�;;del civico n.;836;;Veicolo in marcia contro ostacolo fisso;Rettilineo;Una carreggiata a doppio senso;Asciutto;Asfaltata;Verticale;Sereno;Normale;Buona;;0;0;0;1;12.5345;41.8048;-1;1;Autocarro superiore 35 q.;In marcia / fermata / arresto;Conducente;M;Illeso;0;;;
4977692;11;03/07/2020 18:25:00;Strada Urbana;VIA DELLE SETTE CHIESE;all'intersezione con;VIA ARDEATINA;VIA ARDEATINA;;;Scontro frontale/laterale DX fra veicoli in marcia;Intersezione stradale segnalata;Una carreggiata a doppio senso;Asciutto;Asfaltata;Verticale ed orizzontale;Sereno;Normale;Buona;;1;0;0;1;12.5159;41.8563;-1;1;Autovettura privata;In marcia / fermata / arresto;Conducente;F;Rifiuta cure immediate;0;NON DECEDUTO;;
4977692;11;03/07/2020 18:25:00;Strada Urbana;VIA DELLE SETTE CHIESE;all'intersezione con;VIA ARDEATINA;VIA ARDEATINA;;;Scontro frontale/laterale DX fra veicoli in marcia;Intersezione stradale segnalata;Una carreggiata a doppio senso;Asciutto;Asfaltata;Verticale ed orizzontale;Sereno;Normale;Buona;;1;0;0;1;12.5159;41.8563;-1;2;Autovettura privata;In marcia / fermata / arresto;Conducente;M;Illeso;0;;;
4977709;1;03/07/2020 12:25:00;Strada Urbana;VIA LUCIANO MANARA;all'intersezione con;VIA GOFFREDO MAMELI;VIA GOFFREDO MAMELI;;;Scontro laterale fra veicoli in marcia;Incrocio;Una carreggiata a doppio senso;Asciutto;Asfaltata;Verticale ed orizzontale;Sereno;Scarso;Buona;Ore Diurne;0;0;0;3;12.4676;41.888;-1;1;Autovettura privata;In marcia / fermata / arresto;Conducente;M;Illeso;0;;;
4977709;1;03/07/2020 12:25:00;Strada Urbana;VIA LUCIANO MANARA;all'intersezione con;VIA GOFFREDO MAMELI;VIA GOFFREDO MAMELI;;;Scontro laterale fra veicoli in marcia;Incrocio;Una carreggiata a doppio senso;Asciutto;Asfaltata;Verticale ed orizzontale;Sereno;Scarso;Buona;Ore Diurne;0;0;0;3;12.4676;41.888;-1;1;Autovettura privata;In marcia / fermata / arresto;Passeggero;M;Illeso;0;;Non accertato;Inesploso