Protocollo;Gruppo;DataOraIncidente;Localizzazione1;STRADA1;Localizzazione2;STRADA2;Strada02;Chilometrica;DaSpecificare;NaturaIncidente;particolaritastrade;TipoStrada;FondoStradale;Pavimentazione;Segnaletica;CondizioneAtmosferica;Traffico;Visibilita;Illuminazione;NUM_FERITI;NUM_RISERVATA;NUM_MORTI;NUM_ILLESI;Longitudine;Latitudine;Confermato;Progressivo;TipoVeicolo;StatoVeicolo;TipoPersona;Sesso;Tipolesione;Deceduto;DecedutoDopo;CinturaCascoUtilizzato;Airbag;
4977709;1;03/07/2020 12:25:00;Strada Urbana;VIA LUCIANO MANARA;all'intersezione con;VIA GOFFREDO MAMELI;VIA GOFFREDO MAMELI;;;Scontro laterale fra veicoli in marcia;Incrocio;Una carreggiata a doppio senso;Asciutto;Asfaltata;Verticale ed orizzontale;Sereno;Scarso;Buona;Ore Diurne;0;0;0;3;12.4676;41.888;-1;2;Autovettura privata;In marcia / fermata / arresto;Conducente;F;Illeso;0;;;
4977723;13;03/07/2020 08:15:00;Strada Urbana;VIA ERMANNO WOLF FERRARI;da specificare;;;;altezza distributore Esso;Scontro frontale/laterale DX fra veicoli in marcia;Rettilineo;Una carreggiata a doppio senso;Asciutto;Asfaltata;Orizzontale;Sereno;Normale;Buona;;4;0;0;1;12.3779;41.7482;-1;1;Autovettura privata;In marcia / fermata / arresto;Conducente;M;Rimandato;0;NON DECEDUTO;Non accertato;Esploso
4977723;13;03/07/2020 08:15:00;Strada Urbana;VIA ERMANNO WOLF FERRARI;da specificare;;;;altezza distributore Esso;Scontro frontale/laterale DX fra veicoli in marcia;Rettilineo;Una carreggiata a doppio senso;Asciutto;Asfaltata;Orizzontale;Sereno;Normale;Buona;;4;0;0;1;12.3779;41.7482;-1;1;Autovettura privata;In marcia / fermata / arresto;Passeggero;F;Rimandato;0;NON DECEDUTO;Non accertato;
4977723;13;03/07/2020 08:15:00;Strada Urbana;VIA ERMANNO WOLF FERRARI;da specificare;;;;altezza distributore Esso;Scontro frontale/laterale DX fra veicoli in marcia;Rettilineo;Una carreggiata a doppio senso;Asciutto;Asfaltata;Orizzontale;Sereno;Normale;Buona;;4;0;0;1;12.3779;41.7482;-1;1;Autovettura privata;In marcia / fermata / arresto;Passeggero;M;Illeso;0;;Non accertato;
4977723;13;03/07/2020 08:15:00;Strada Urbana;VIA ERMANNO WOLF FERRARI;da specificare;;;;altezza distributore Esso;Scontro frontale/laterale DX fra veicoli in marcia;Rettilineo;Una carreggiata a doppio senso;Asciutto;Asfaltata;Orizzontale;Sereno;Normale;Buona;;4;0;0;1;12.3779;41.7482;-1;1;Autovettura privata;In marcia / fermata / arresto;Passeggero;F;Rimandato;0;NON DECEDUTO;Non accertato;
4977723;13;03/07/2020 08:15:00;Strada Urbana;VIA ERMANNO WOLF FERRARI;da specificare;;;;altezza distributore Esso;Scontro frontale/laterale DX fra veicoli in marcia;Rettilineo;Una carreggiata a doppio senso;Asciutto;Asfaltata;Orizzontale;Sereno;Normale;Buona;;4;0;0;1;12.3779;41.7482;-1;2;Motociclo a solo;In marcia / fermata / arresto;Conducente;M;Rimandato;0;NON DECEDUTO;;
4977729;1;04/07/2020 02:05:00;Strada Urbana;VIA VITTORIO VENETO;all'intersezione con;VIA LEONIDA BISSOLATI;VIA LEONIDA BISSOLATI;;;Scontro frontale fra veicoli in marcia;Incrocio;Una carreggiata a doppio senso;Asciutto;Asfaltata;Verticale ed orizzontale;Sereno;Scarso;Buona;Sufficiente;1;0;0;2;12.4903;41.9065;-1;1;Autovettura privata;In marcia / fermata / arresto;Conducente;F;Illeso;0;;Non accertato;Inesploso
4977729;1;04/07/2020 02:05:00;Strada Urbana;VIA VITTORIO VENETO;all'intersezione con;VIA LEONIDA BISSOLATI;VIA LEONIDA BISSOLATI;;;Scontro frontale fra veicoli in marcia;Incrocio;Una carreggiata a doppio senso;Asciutto;Asfaltata;Verticale ed orizzontale;Sereno;Scarso;Buona;Sufficiente;1;0;0;2;12.4903;41.9065;-1;1;Autovettura privata;In marcia / fermata / arresto;Passeggero;F;Illeso;0;;Non accertato;
4977729;1;04/07/2020 02:05:00;Strada Urbana;VIA VITTORIO VENETO;all'intersezione con;VIA LEONIDA BISSOLATI;VIA LEONIDA BISSOLATI;;;Scontro frontale fra veicoli in marcia;Incrocio;Una carreggiata a doppio senso;Asciutto;Asfaltata;Verticale ed orizzontale;Sereno;Scarso;Buona;Sufficiente;1;0;0;2;12.4903;41.9065;-1;2;Motociclo a solo;In marcia / fermata / arresto;Conducente;M;Rimandato;0;NON DECEDUTO;Non accertato;
4977747;1;04/07/2020 01:45:00;Strada Urbana;VIA GUSTAVO MODENA;all'intersezione con;PIAZZA GIUDITTA TAVANI ARQUATI;PIAZZA GIUDITTA TAVANI ARQUATI;;;Scontro frontale/laterale DX fra veicoli in marcia;Intersezione stradale segnalata;Una carreggiata a senso unico di marcia;Asciutto;In cubetti di porfido;Verticale ed orizzontale;Sereno;Scarso;Buona;Sufficiente;1;0;0;2;12.4731;41.8901;-1;1;Autovettura privata;In marcia / fermata / arresto;Conducente;M;Illeso;0;;;
4977747;1;04/07/2020 01:45:00;Strada Urbana;VIA GUSTAVO MODENA;all'intersezione con;PIAZZA GIUDITTA TAVANI ARQUATI;PIAZZA GIUDITTA TAVANI ARQUATI;;;Scontro frontale/laterale DX fra veicoli in marcia;Intersezione stradale segnalata;Una carreggiata a senso unico di marcia;Asciutto;In cubetti di porfido;Verticale ed orizzontale;Sereno;Scarso;Buona;Sufficiente;1;0;0;2;12.4731;41.8901;-1;2;Autovettura privata;In marcia / fermata / arresto;Conducente;M;Rifiuta cure immediate;0;NON DECEDUTO;;
4977747;1;04/07/2020 01:45:00;Strada Urbana;VIA GUSTAVO MODENA;all'intersezione con;PIAZZA GIUDITTA TAVANI ARQUATI;PIAZZA GIUDITTA TAVANI ARQUATI;;;Scontro frontale/laterale DX fra veicoli in marcia;Intersezione stradale segnalata;Una carreggiata a senso unico di marcia;Asciutto;In cubetti di porfido;Verticale ed orizzontale;Sereno;Scarso;Buona;Sufficiente;1;0;0;2;12.4731;41.8901;-1;2;Autovettura privata;In marcia / fermata / arresto;Passeggero;F;Illeso;0;;;
4977752;8;03/07/2020 08:00:00;Strada Urbana;VIA ROCCALUMERA;in corrispondenza;;del civico n.;75;;Veicolo in marcia contro ostacolo accidentale;Rettilineo;Una carreggiata a doppio senso;Asciutto;Strada pavimentata dissestata;Verticale ed orizzontale;Sereno;Normale;Buona;Ore Diurne;0;0;0;1;12.6627;41.8829;-1;1;Autobus di linea;In marcia / fermata / arresto;Conducente;M;Illeso;0;;Non accertato;Inesploso
4977764;1;03/07/2020 08:45:00;Strada Urbana;VIA DEGLI UFFICI DEL VICARIO;all'intersezione con;VIA DI CAMPO MARZIO;VIA DI CAMPO MARZIO;;;Veicolo in marcia contro ostacolo accidentale;Incrocio;Una carreggiata a senso unico di marcia;Asciutto;Asfaltata;Verticale;Sereno;Scarso;Buona;Ore Diurne;1;0;0;1;12.4771;41.9011;-1;;;;Pedone;F;Rimandato;0;NON DECEDUTO;;
4977764;1;03/07/2020 08:45:00;Strada Urbana;VIA DEGLI UFFICI DEL VICARIO;all'intersezione con;VIA DI CAMPO MARZIO;VIA DI CAMPO MARZIO;;;Veicolo in marcia contro ostacolo accidentale;Incrocio;Una carreggiata a senso unico di marcia;Asciutto;Asfaltata;Verticale;Sereno;Scarso;Buona;Ore Diurne;1;0;0;1;12.4771;41.9011;-1;1;Autocarro inferiore 35 q.;In marcia / fermata / arresto;Conducente;M;Illeso;0;;;
4977776;13;03/07/2020 11:35:00;Strada Urbana;VIA TAGASTE;in corrispondenza;;del civico n.;123;;Tamponamento;Rettilineo;Una carreggiata a doppio senso;Asciutto;Asfaltata;Assente;Sereno;Normale;Buona;;0;0;0;2;12.2706;41.7387;-1;1;Autovettura privata;In marcia / fermata / arresto;Conducente;F;Illeso;0;;Non accertato;Inesploso
4977776;13;03/07/2020 11:35:00;Strada Urbana;VIA TAGASTE;in corrispondenza;;del civico n.;123;;Tamponamento;Rettilineo;Una carreggiata a doppio senso;Asciutto;Asfaltata;Assente;Sereno;Normale;Buona;;0;0;0;2;12.2706;41.7387;-1;2;Autovettura privata;In marcia / fermata / arresto;Conducente;M;Illeso;0;;Non accertato;Inesploso
4977781;8;03/07/2020 13:30:00;Provinciale entro l'abitato;VIA DI LUNGHEZZINA;da specificare;;;;(750 m. prima di via Polense;Fuoriuscita dalla sede stradale;Rettilineo;Una carreggiata a doppio senso;Asciutto;Asfaltata;Orizzontale;Sereno;Normale;Buona;Ore Diurne;1;0;0;0;12.708;41.9293;-1;1;Autovettura privata;In marcia / fermata / arresto;Conducente;M;Rimandato;0;NON DECEDUTO;Non accertato;Esploso
4977788;1;01/07/2020 12:00:00;Strada Urbana;VIA NAZIONALE;in prossimit�;;del civico n.;66;;Veicolo in marcia contro ostacolo accidentale;Rettilineo;Una carreggiata a doppio senso;Asciutto;Lastricata;Verticale ed orizzontale;Sereno;Normale;Buona;Ore Diurne;1;0;0;0;12.4914;41.8993;-1;1;Monopattino elettrico;In marcia / fermata / arresto;Conducente;M;Rifiuta cure immediate;0;NON DECEDUTO;;
4977789;10;04/07/2020 02:00:00;Strada Urbana;VIA DELLE CAVE DI PIETRALATA;in prossimit�;;del civico n.;47;;Veicolo in marcia contro veicoli in sosta;Rettilineo;Una carreggiata a doppio senso;Asciutto;Asfaltata;Verticale ed orizzontale;Sereno;Scarso;Sufficiente;;1;0;0;0;12.5376;41.9096;-1;1;Autovettura privata;In marcia / fermata / arresto;Conducente;M;Rimandato;0;NON DECEDUTO;Non accertato;Inesploso
4977789;10;04/07/2020 02:00:00;Strada Urbana;VIA DELLE CAVE DI PIETRALATA;in prossimit�;;del civico n.;47;;Veicolo in marcia contro veicoli in sosta;Rettilineo;Una carreggiata a doppio senso;Asciutto;Asfaltata;Verticale ed orizzontale;Sereno;Scarso;Sufficiente;;1;0;0;0;12.5376;41.9096;-1;2;Autovettura privata;Sosta;;;;;;;
4977789;10;04/07/2020 02:00:00;Strada Urbana;VIA DELLE CAVE DI PIETRALATA;in prossimit�;;del civico n.;47;;Veicolo in marcia contro veicoli in sosta;Rettilineo;Una carreggiata a doppio senso;Asciutto;Asfaltata;Verticale ed orizzontale;Sereno;Scarso;Sufficiente;;1;0;0;0;12.5376;41.9096;-1;3;Autovettura privata;Sosta;;;;;;;
4977797;8;03/07/2020 19:30:00;Strada Urbana;VIA MANDANICI;in prossimit�;;del civico n.;14;;Tamponamento Multiplo;Rettilineo;Una carreggiata a doppio senso;Asciutto;Asfaltata;Verticale ed orizzontale;Sereno;Normale;Buona;Ore Diurne;1;0;0;3;12.6877;41.8659;-1;1;Autovettura privata;In marcia / fermata / arresto;Conducente;M;Illeso;0;;;
4977797;8;03/07/2020 19:30:00;Strada Urbana;VIA MANDANICI;in prossimit�;;del civico n.;14;;Tamponamento Multiplo;Rettilineo;Una carreggiata a doppio senso;Asciutto;Asfaltata;Verticale ed orizzontale;Sereno;Normale;Buona;Ore Diurne;1;0;0;3;12.6877;41.8659;-1;1;Autovettura privata;In marcia / fermata / arresto;Passeggero;F;Illeso;0;;;
4977797;8;03/07/2020 19:30:00;Strada Urbana;VIA MANDANICI;in prossimit�;;del civico n.;14;;Tamponamento Multiplo;Rettilineo;Una carreggiata a doppio senso;Asciutto;Asfaltata;Verticale ed orizzontale;Sereno;Normale;Buona;Ore Diurne;1;0;0;3;12.6877;41.8659;-1;2;Autovettura privata;In marcia / fermata / arresto;Conducente;F;Rimandato;0;NON DECEDUTO;;
4977797;8;03/07/2020 19:30:00;Strada Urbana;VIA MANDANICI;in prossimit�;;del civico n.;14;;Tamponamento Multiplo;Rettilineo;Una carreggiata a doppio senso;Asciutto;Asfaltata;Verticale ed orizzontale;Sereno;Normale;Buona;Ore Diurne;1;0;0;3;12.6877;41.8659;-1;3;Autovettura privata;In marcia / fermata / arresto;Conducente;M;Illeso;0;;;
4977800;1;03/07/2020 10:00:00;Strada Urbana;VIA BIXIO;da specificare;;;;fronte civico 49;Veicolo in marcia contro ostacolo fisso;Rettilineo;Una carreggiata a senso unico di marcia;Asciutto;Asfaltata;Verticale ed orizzontale;Sereno;Scarso;Buona;Ore Diurne;0;0;0;1;12.5082;41.8932;-1;1;Autovettura privata;In marcia / fermata / arresto;Conducente;M;Illeso;0;;;
4977801;13;03/07/2020 12:40:00;Strada Urbana;VIA ORAZIO AMATO;all'intersezione con;VIA ALESSANDRO CAPALTI;VIA ALESSANDRO CAPALTI;;;Veicolo in marcia contro veicolo in sosta;Incrocio;Una carreggiata a doppio senso;Asciutto;Asfaltata;Verticale;Sereno;Scarso;Buona;;0;0;0;2;12.3595;41.7782;-1;1;Autovettura privata;In marcia / fermata / arresto;Conducente;F;Illeso;0;;Non accertato;Inesploso
4977801;13;03/07/2020 12:40:00;Strada Urbana;VIA ORAZIO AMATO;all'intersezione con;VIA ALESSANDRO CAPALTI;VIA ALESSANDRO CAPALTI;;;Veicolo in marcia contro veicolo in sosta;Incrocio;Una carreggiata a doppio senso;Asciutto;Asfaltata;Verticale;Sereno;Scarso;Buona;;0;0;0;2;12.3595;41.7782;-1;1;Autovettura privata;In marcia / fermata / arresto;Passeggero;M;Illeso;0;;Non accertato;
4977801;13;03/07/2020 12:40:00;Strada Urbana;VIA ORAZIO AMATO;all'intersezione con;VIA ALESSANDRO CAPALTI;VIA ALESSANDRO CAPALTI;;;Veicolo in marcia contro veicolo in sosta;Incrocio;Una carreggiata a doppio senso;Asciutto;Asfaltata;Verticale;Sereno;Scarso;Buona;;0;0;0;2;12.3595;41.7782;-1;2;Autovettura privata;Sosta;;;;;;;
4977810;1;03/07/2020 19:50:00;Strada Urbana;PIAZZA DI PORTA S. LORENZO;da specificare;;;;in prossimita' del fronte civico 8;Veicolo in marcia contro ostacolo accidentale;Curva senza visuale libera;Una carreggiata a senso unico di marcia;Asciutto;Con buche;Verticale;Sereno;Normale;Buona;Ore Diurne;0;0;0;3;12.5109;41.8964;-1;1;Autovettura privata;In marcia / fermata / arresto;Conducente;M;Illeso;0;;Non accertato;Inesploso
4977810;1;03/07/2020 19:50:00;Strada Urbana;PIAZZA DI PORTA S. LORENZO;da specificare;;;;in prossimita' del fronte civico 8;Veicolo in marcia contro ostacolo accidentale;Curva senza visuale libera;Una carreggiata a senso unico di marcia;Asciutto;Con buche;Verticale;Sereno;Normale;Buona;Ore Diurne;0;0;0;3;12.5109;41.8964;-1;1;Autovettura privata;In marcia / fermata / arresto;Passeggero;M;Illeso;0;;;
4977810;1;03/07/2020 19:50:00;Strada Urbana;PIAZZA DI PORTA S. LORENZO;da specificare;;;;in prossimita' del fronte civico 8;Veicolo in marcia contro ostacolo accidentale;Curva senza visuale libera;Una carreggiata a senso unico di marcia;Asciutto;Con buche;Verticale;Sereno;Normale;Buona;Ore Diurne;0;0;0;3;12.5109;41.8964;-1;1;Autovettura privata;In marcia / fermata / arresto;Passeggero;F;Illeso;0;;;
4977822;6;04/07/2020 08:20:00;Strada Urbana;VIA CAIO CASSIO LONGINO;in corrispondenza;;del civico n.;15;;Fuoriuscita dalla sede stradale;Rettilineo;Una carreggiata a senso unico di marcia;Asciutto;Asfaltata;Verticale ed orizzontale;Sereno;Normale;Buona;Ore Diurne;0;0;0;1;12.5497;41.8669;-1;1;Autocarro inferiore 35 q.;In marcia / fermata / arresto;Conducente;M;Illeso;0;;Non accertato;Inesploso
4977833;8;03/07/2020 18:15:00;Strada Urbana;VIA VILLABATE;all'intersezione con;VIA ZAFFERANA ETNEA;VIA ZAFFERANA ETNEA;;;Scontro frontale/laterale SX fra veicoli in marcia;Intersezione non regolata/non segnalata;Una carreggiata a doppio senso;Asciutto;Asfaltata;Verticale ed orizzontale;Sereno;Normale;Buona;Ore Diurne;1;0;0;1;12.6517;41.8694;-1;1;Autovettura privata;In marcia / fermata / arresto;Conducente;M;Illeso;0;;;
4977833;8;03/07/2020 18:15:00;Strada Urbana;VIA VILLABATE;all'intersezione con;VIA ZAFFERANA ETNEA;VIA ZAFFERANA ETNEA;;;Scontro frontale/laterale SX fra veicoli in marcia;Intersezione non regolata/non segnalata;Una carreggiata a doppio senso;Asciutto;Asfaltata;Verticale ed orizzontale;Sereno;Normale;Buona;Ore Diurne;1;0;0;1;12.6517;41.8694;-1;2;Motociclo a solo;In marcia / fermata / arresto;Conducente;M;Rimandato;0;NON DECEDUTO;;
4977848;13;03/07/2020 14:40:00;Strada Urbana;VIA ANGELO OLIVIERI;all'intersezione con;VIA ERMANNO CARLOTTO;VIA ERMANNO CARLOTTO;;;Veicolo in marcia contro veicolo in sosta;Incrocio;Una carreggiata a doppio senso;Asciutto;Asfaltata;Verticale ed orizzontale;Sereno;Scarso;Buona;;0;0;0;1;12.2881;41.7329;-1;1;Autovettura privata;In marcia / fermata / arresto;Conducente;F;Illeso;0;;Non accertato;Inesploso
4977848;13;03/07/2020 14:40:00;Strada Urbana;VIA ANGELO OLIVIERI;all'intersezione con;VIA ERMANNO CARLOTTO;VIA ERMANNO CARLOTTO;;;Veicolo in marcia contro veicolo in sosta;Incrocio;Una carreggiata a doppio senso;Asciutto;Asfaltata;Verticale ed orizzontale;Sereno;Scarso;Buona;;0;0;0;1;12.2881;41.7329;-1;2;Autovettura privata;Sosta;;;;;;;
4977850;3;03/07/2020 11:15:00;Strada Urbana;VIA BARI;in corrispondenza;;del civico n.;12;;Scontro laterale fra veicoli in marcia;Rettilineo;Una carreggiata a doppio senso;Asciutto;Asfaltata;Verticale ed orizzontale;Sereno;Normale;Buona;;0;0;0;2;12.5141;41.9106;-1;1;Autovettura privata;In marcia / fermata / arresto;Conducente;M;Illeso;0;;;
4977850;3;03/07/2020 11:15:00;Strada Urbana;VIA BARI;in corrispondenza;;del civico n.;12;;Scontro laterale fra veicoli in marcia;Rettilineo;Una carreggiata a doppio senso;Asciutto;Asfaltata;Verticale ed orizzontale;Sereno;Normale;Buona;;0;0;0;2;12.5141;41.9106;-1;2;Autovettura pubblica;In marcia / fermata / arresto;Conducente;M;Illeso;0;;;
4977853;3;03/07/2020 15:15:00;Strada Urbana;VIA LIVORNO;da specificare;;;;fronte civico 89/a;Scontro frontale/laterale SX fra veicoli in marcia;Rettilineo;Una carreggiata a doppio senso;Asciutto;Asfaltata;Verticale ed orizzontale;Sereno;Normale;Buona;;0;0;0;2;12.5258;41.9166;-1;1;Autovettura privata;In marcia / fermata / arresto;Conducente;F;Illeso;0;;;
4977853;3;03/07/2020 15:15:00;Strada Urbana;VIA LIVORNO;da specificare;;;;fronte civico 89/a;Scontro frontale/laterale SX fra veicoli in marcia;Rettilineo;Una carreggiata a doppio senso;Asciutto;Asfaltata;Verticale ed orizzontale;Sereno;Normale;Buona;;0;0;0;2;12.5258;41.9166;-1;2;Motociclo a solo;In marcia / fermata / arresto;Conducente;M;Illeso;0;;;
4977855;8;03/07/2020 17:00:00;Regionale entro l'abitato;VIA CASILINA;in prossimit�;;del civico n.;1890N;;Tamponamento;Rettilineo;Una carreggiata a doppio senso;Asciutto;Asfaltata;Verticale ed orizzontale;Sereno;Normale;Buona;Ore Diurne;2;0;0;1;12.6908;41.8633;-1;1;Autovettura privata;In marcia / fermata / arresto;Conducente;M;Rifiuta cure immediate;0;NON DECEDUTO;;
4977855;8;03/07/2020 17:00:00;Regionale entro l'abitato;VIA CASILINA;in prossimit�;;del civico n.;1890N;;Tamponamento;Rettilineo;Una carreggiata a doppio senso;Asciutto;Asfaltata;Verticale ed orizzontale;Sereno;Normale;Buona;Ore Diurne;2;0;0;1;12.6908;41.8633;-1;1;Autovettura privata;In marcia / fermata / arresto;Passeggero;M;Rifiuta cure immediate;0;NON DECEDUTO;;
4977855;8;03/07/2020 17:00:00;Regionale entro l'abitato;VIA CASILINA;in prossimit�;;del civico n.;1890N;;Tamponamento;Rettilineo;Una carreggiata a doppio senso;Asciutto;Asfaltata;Verticale ed orizzontale;Sereno;Normale;Buona;Ore Diurne;2;0;0;1;12.6908;41.8633;-1;2;Autovettura privata;In marcia / fermata / arresto;Conducente;M;Illeso;0;;;
4977865;20;03/07/2020 14:10:00;Strada Urbana;PIAZZA LAURO DE BOSIS;da specificare;;;;fronte civico 3;Scontro laterale fra veicoli in marcia;Rettilineo;Due carreggiate;Asciutto;Asfaltata;Verticale ed orizzontale;Sereno;Normale;Buona;Ore Diurne;1;0;0;1;12.4586;41.9317;-1;1;Motociclo a solo;In marcia / fermata / arresto;Conducente;M;Rimandato;0;NON DECEDUTO;;
4977865;20;03/07/2020 14:10:00;Strada Urbana;PIAZZA LAURO DE BOSIS;da specificare;;;;fronte civico 3;Scontro laterale fra veicoli in marcia;Rettilineo;Due carreggiate;Asciutto;Asfaltata;Verticale ed orizzontale;Sereno;Normale;Buona;Ore Diurne;1;0;0;1;12.4586;41.9317;-1;2;Autocarro inferiore 35 q.;In marcia / fermata / arresto;Conducente;M;Illeso;0;;;
4977874;20;03/07/2020 18:10:00;Strada Urbana;VIA VINCENZO TIERI;da specificare;;;;prossimit� fronte civico 166;Tamponamento;Rettilineo;Una carreggiata a doppio senso;Asciutto;Asfaltata;Verticale ed orizzontale;Sereno;Scarso;Buona;Ore Diurne;1;0;0;2;12.3694;42.0167;-1;1;Autovettura privata;In marcia / fermata / arresto;Conducente;M;Rimandato;0;NON DECEDUTO;Non accertato;Inesploso
4977874;20;03/07/2020 18:10:00;Strada Urbana;VIA VINCENZO TIERI;da specificare;;;;prossimit� fronte civico 166;Tamponamento;Rettilineo;Una carreggiata a doppio senso;Asciutto;Asfaltata;Verticale ed orizzontale;Sereno;Scarso;Buona;Ore Diurne;1;0;0;2;12.3694;42.0167;-1;1;Autovettura privata;In marcia / fermata / arresto;Passeggero;F;Illeso;0;;Non accertato;Inesploso
4977874;20;03/07/2020 18:10:00;Strada Urbana;VIA VINCENZO TIERI;da specificare;;;;prossimit� fronte civico 166;Tamponamento;Rettilineo;Una carreggiata a doppio senso;Asciutto;Asfaltata;Verticale ed orizzontale;Sereno;Scarso;Buona;Ore Diurne;1;0;0;2;12.3694;42.0167;-1;2;Autovettura privata;In marcia / fermata / arresto;Conducente;M;Illeso;0;;;
4977875;13;03/07/2020 18:45:00;Strada Urbana;VIA DEL MARE;in corrispondenza;;della chilometrica;23.5;;Tamponamento;Rettilineo;Una carreggiata a senso unico di marcia;Asciutto;Asfaltata;Verticale ed orizzontale;Sereno;Normale;Buona;;0;0;0;2;12.4632;41.8403;-1;1;Autovettura privata;In marcia / fermata / arresto;Conducente;M;Illeso;0;;Non accertato;Inesploso
4977875;13;03/07/2020 18:45:00;Strada Urbana;VIA DEL MARE;in corrispondenza;;della chilometrica;23.5;;Tamponamento;Rettilineo;Una carreggiata a senso unico di marcia;Asciutto;Asfaltata;Verticale ed orizzontale;Sereno;Normale;Buona;;0;0;0;2;12.4632;41.8403;-1;2;Autovettura privata;In marcia / fermata / arresto;Conducente;F;Illeso;0;;Non accertato;Inesploso
4977889;13;03/07/2020 19:00:00;Strada Urbana;VIA ERMANNO WOLF FERRARI;da specificare;;;;altezza distributore esso;Scontro frontale/laterale DX fra veicoli in marcia;Rettilineo;Una carreggiata a doppio senso;Asciutto;Asfaltata;Verticale ed orizzontale;Nuvoloso;Intenso;Buona;;2;0;0;0;12.3702;41.7547;-1;1;Autovettura privata;In marcia / fermata / arresto;Conducente;F;Rimandato;0;NON DECEDUTO;Non accertato;
4977889;13;03/07/2020 19:00:00;Strada Urbana;VIA ERMANNO WOLF FERRARI;da specificare;;;;altezza distributore esso;Scontro frontale/laterale DX fra veicoli in marcia;Rettilineo;Una carreggiata a doppio senso;Asciutto;Asfaltata;Verticale ed orizzontale;Nuvoloso;Intenso;Buona;;2;0;0;0;12.3702;41.7547;-1;2;Motociclo a solo;In marcia / fermata / arresto;Conducente;M;Rimandato;0;NON DECEDUTO;;
4977903;1;03/07/2020 17:50:00;Strada Urbana;PASSEGGIATA DEL GIANICOLO;da specificare;;;;in corrispondenza del fronte civico 8;Veicolo in marcia contro veicolo in sosta;Rettilineo;Una carreggiata a doppio senso;Asciutto;Asfaltata;Verticale;Sereno;Normale;Buona;Ore Diurne;0;0;0;1;12.4606;41.8936;-1;1;Autovettura privata;Sosta;;;;;;;
4977903;1;03/07/2020 17:50:00;Strada Urbana;PASSEGGIATA DEL GIANICOLO;da specificare;;;;in corrispondenza del fronte civico 8;Veicolo in marcia contro veicolo in sosta;Rettilineo;Una carreggiata a doppio senso;Asciutto;Asfaltata;Verticale;Sereno;Normale;Buona;Ore Diurne;0;0;0;1;12.4606;41.8936;-1;2;Autovettura privata;In marcia / fermata / arresto;Conducente;M;Illeso;0;;Non accertato;Inesploso
4977904;17;04/07/2020 07:10:00;Strada Urbana;LUNGOTEVERE DEI MELLINI;da specificare;;;;SOTTOVIA;Veicolo in marcia contro ostacolo fisso;Sottopasso illuminato;Una carreggiata a senso unico di marcia;Asciutto;Asfaltata;Verticale ed orizzontale;Sereno;Normale;Buona;Ore Diurne;0;0;0;1;12.4736;41.906;0;1;Autovettura privata;In marcia / fermata / arresto;Conducente;F;Illeso;0;;;
4977927;13;03/07/2020 22:40:00;Strada Urbana;VIA DELLA MARTINICA;in prossimit�;;del civico n.;147;;Tamponamento;Rettilineo;Una carreggiata a senso unico di marcia;Asciutto;Asfaltata;Verticale ed orizzontale;Sereno;Normale;Buona;;1;0;0;3;12.2604;41.7418;-1;1;Autobus turistico;In marcia / fermata / arresto;Conducente;M;Illeso;0;;Non accertato;Inesploso
4977927;13;03/07/2020 22:40:00;Strada Urbana;VIA DELLA MARTINICA;in prossimit�;;del civico n.;147;;Tamponamento;Rettilineo;Una carreggiata a senso unico di marcia;Asciutto;Asfaltata;Verticale ed orizzontale;Sereno;Normale;Buona;;1;0;0;3;12.2604;41.7418;-1;1;Autobus turistico;In marcia / fermata / arresto;Passeggero;M;Illeso;0;;Non accertato;
4977927;13;03/07/2020 22:40:00;Strada Urbana;VIA DELLA MARTINICA;in prossimit�;;del civico n.;147;;Tamponamento;Rettilineo;Una carreggiata a senso unico di marcia;Asciutto;Asfaltata;Verticale ed orizzontale;Sereno;Normale;Buona;;1;0;0;3;12.2604;41.7418;-1;2;Autovettura privata;In marcia / fermata / arresto;Conducente;M;Rimandato;0;NON DECEDUTO;Non accertato;Inesploso
4977927;13;03/07/2020 22:40:00;Strada Urbana;VIA DELLA MARTINICA;in prossimit�;;del civico n.;147;;Tamponamento;Rettilineo;Una carreggiata a senso unico di marcia;Asciutto;Asfaltata;Verticale ed orizzontale;Sereno;Normale;Buona;;1;0;0;3;12.2604;41.7418;-1;2;Autovettura privata;In marcia / fermata / arresto;Passeggero;F;Illeso;0;;Non accertato;Inesploso
4977929;20;03/07/2020 19:00:00;Strada Urbana;CORSO DI FRANCIA;da specificare;;;;fronte civico 158;Tamponamento Multiplo;Rettilineo;Pi� di due carreggiate;Asciutto;Asfaltata;Verticale ed orizzontale;Sereno;Normale;Buona;Ore Diurne;0;0;0;4;12.4717;41.9367;-1;1;Autovettura privata;In marcia / fermata / arresto;Conducente;M;Illeso;0;;Non accertato;
4977929;20;03/07/2020 19:00:00;Strada Urbana;CORSO DI FRANCIA;da specificare;;;;fronte civico 158;Tamponamento Multiplo;Rettilineo;Pi� di due carreggiate;Asciutto;Asfaltata;Verticale ed orizzontale;Sereno;Normale;Buona;Ore Diurne;0;0;0;4;12.4717;41.9367;-1;1;Autovettura privata;In marcia / fermata / arresto;Passeggero;M;Illeso;0;;Non accertato;