Protocollo;Gruppo;DataOraIncidente;Localizzazione1;STRADA1;Localizzazione2;STRADA2;Strada02;Chilometrica;DaSpecificare;NaturaIncidente;particolaritastrade;TipoStrada;FondoStradale;Pavimentazione;Segnaletica;CondizioneAtmosferica;Traffico;Visibilita;Illuminazione;NUM_FERITI;NUM_RISERVATA;NUM_MORTI;NUM_ILLESI;Longitudine;Latitudine;Confermato;Progressivo;TipoVeicolo;StatoVeicolo;TipoPersona;Sesso;Tipolesione;Deceduto;DecedutoDopo;CinturaCascoUtilizzato;Airbag;
4984163;18;07/07/2020 16:20:00;Strada Urbana;VIA ANASTASIO II;in corrispondenza;;del civico n.;7;;Scontro laterale fra veicoli in marcia;Rettilineo;Una carreggiata a doppio senso;Asciutto;Asfaltata;Verticale ed orizzontale;Sereno;Normale;Buona;;0;0;0;3;12.4384;41.8958;-1;1;Autovettura privata;In marcia / fermata / arresto;Conducente;M;Illeso;0;;Non accertato;Inesploso
4984163;18;07/07/2020 16:20:00;Strada Urbana;VIA ANASTASIO II;in corrispondenza;;del civico n.;7;;Scontro laterale fra veicoli in marcia;Rettilineo;Una carreggiata a doppio senso;Asciutto;Asfaltata;Verticale ed orizzontale;Sereno;Normale;Buona;;0;0;0;3;12.4384;41.8958;-1;1;Autovettura privata;In marcia / fermata / arresto;Passeggero;F;Illeso;0;;Non accertato;Inesploso
4984163;18;07/07/2020 16:20:00;Strada Urbana;VIA ANASTASIO II;in corrispondenza;;del civico n.;7;;Scontro laterale fra veicoli in marcia;Rettilineo;Una carreggiata a doppio senso;Asciutto;Asfaltata;Verticale ed orizzontale;Sereno;Normale;Buona;;0;0;0;3;12.4384;41.8958;-1;2;Autovettura privata;In marcia / fermata / arresto;Conducente;F;Illeso;0;;Non accertato;Inesploso
4984172;18;07/07/2020 18:45:00;Strada Urbana;VIA DI BOCCEA;in corrispondenza;;del civico n.;435;;Scontro laterale fra veicoli in marcia;Pendenza;Una carreggiata a doppio senso;Asciutto;Asfaltata;Orizzontale;Sereno;Normale;Buona;;0;0;0;5;12.3964;41.9109;-1;1;Autovettura privata;In marcia / fermata / arresto;Conducente;M;Illeso;0;;Non accertato;Inesploso
4984172;18;07/07/2020 18:45:00;Strada Urbana;VIA DI BOCCEA;in corrispondenza;;del civico n.;435;;Scontro laterale fra veicoli in marcia;Pendenza;Una carreggiata a doppio senso;Asciutto;Asfaltata;Orizzontale;Sereno;Normale;Buona;;0;0;0;5;12.3964;41.9109;-1;2;Autovettura privata;In marcia / fermata / arresto;Conducente;M;Illeso;0;;Non accertato;Inesploso
4984172;18;07/07/2020 18:45:00;Strada Urbana;VIA DI BOCCEA;in corrispondenza;;del civico n.;435;;Scontro laterale fra veicoli in marcia;Pendenza;Una carreggiata a doppio senso;Asciutto;Asfaltata;Orizzontale;Sereno;Normale;Buona;;0;0;0;5;12.3964;41.9109;-1;2;Autovettura privata;In marcia / fermata / arresto;Passeggero;M;Illeso;0;;Non accertato;Inesploso
4984172;18;07/07/2020 18:45:00;Strada Urbana;VIA DI BOCCEA;in corrispondenza;;del civico n.;435;;Scontro laterale fra veicoli in marcia;Pendenza;Una carreggiata a doppio senso;Asciutto;Asfaltata;Orizzontale;Sereno;Normale;Buona;;0;0;0;5;12.3964;41.9109;-1;2;Autovettura privata;In marcia / fermata / arresto;Passeggero;F;Illeso;0;;Non accertato;Inesploso
4984172;18;07/07/2020 18:45:00;Strada Urbana;VIA DI BOCCEA;in corrispondenza;;del civico n.;435;;Scontro laterale fra veicoli in marcia;Pendenza;Una carreggiata a doppio senso;Asciutto;Asfaltata;Orizzontale;Sereno;Normale;Buona;;0;0;0;5;12.3964;41.9109;-1;2;Autovettura privata;In marcia / fermata / arresto;Passeggero;F;Illeso;0;;Non accertato;Inesploso
4984173;2;07/07/2020 09:40:00;Strada Urbana;VIA DIRE DAUA;in prossimit�;;del civico n.;1;;Veicolo in marcia contro ostacolo fisso;Rettilineo;Una carreggiata a senso unico di marcia;Asciutto;Asfaltata;Verticale ed orizzontale;Sereno;Normale;Buona;;0;0;0;1;12.5185;41.9303;-1;1;Autocarro inferiore 35 q.;In marcia / fermata / arresto;Conducente;M;Illeso;0;;Non accertato;Inesploso
4984191;19;08/07/2020 14:55:00;Strada Urbana;VIA PIETRO GASPARRI;all'intersezione con;VIA PIETRO BEMBO;VIA PIETRO BEMBO;;;Scontro laterale fra veicoli in marcia;Incrocio;Una carreggiata a doppio senso;Asciutto;Asfaltata;Verticale ed orizzontale;Sereno;Normale;Buona;;1;0;0;1;12.4144;41.9224;-1;1;Autovettura privata;In marcia / fermata / arresto;Conducente;F;Rifiuta cure immediate;0;NON DECEDUTO;;
4984191;19;08/07/2020 14:55:00;Strada Urbana;VIA PIETRO GASPARRI;all'intersezione con;VIA PIETRO BEMBO;VIA PIETRO BEMBO;;;Scontro laterale fra veicoli in marcia;Incrocio;Una carreggiata a doppio senso;Asciutto;Asfaltata;Verticale ed orizzontale;Sereno;Normale;Buona;;1;0;0;1;12.4144;41.9224;-1;2;Autovettura privata;In marcia / fermata / arresto;Conducente;M;Illeso;0;;;
4984191;19;08/07/2020 14:55:00;Strada Urbana;VIA PIETRO GASPARRI;all'intersezione con;VIA PIETRO BEMBO;VIA PIETRO BEMBO;;;Scontro laterale fra veicoli in marcia;Incrocio;Una carreggiata a doppio senso;Asciutto;Asfaltata;Verticale ed orizzontale;Sereno;Normale;Buona;;1;0;0;1;12.4144;41.9224;-1;3;Autovettura privata;Sosta;;;;;;;
4984198;2;08/07/2020 10:35:00;Strada Urbana;VIALE MARESCIALLO PILSUDSKI;in prossimit�;;del civico n.;122;;Tamponamento;Curva a visuale libera;Una carreggiata a doppio senso;Asciutto;Asfaltata;Verticale ed orizzontale;Sereno;Normale;Buona;;1;0;0;1;12.4802;41.9282;-1;1;Autovettura privata;In marcia / fermata / arresto;Conducente;F;Rimandato;0;NON DECEDUTO;;
4984198;2;08/07/2020 10:35:00;Strada Urbana;VIALE MARESCIALLO PILSUDSKI;in prossimit�;;del civico n.;122;;Tamponamento;Curva a visuale libera;Una carreggiata a doppio senso;Asciutto;Asfaltata;Verticale ed orizzontale;Sereno;Normale;Buona;;1;0;0;1;12.4802;41.9282;-1;2;Autovettura privata;In marcia / fermata / arresto;Conducente;M;Illeso;0;;;
4984199;11;08/07/2020 09:30:00;Strada Urbana;VIA GIOVANNI DA CAPISTRANO;all'intersezione con;PIAZZA RICOLDO DA MONTECROCE;PIAZZA RICOLDO DA MONTECROCE;;;Scontro frontale/laterale SX fra veicoli in marcia;Intersezione stradale segnalata;Una carreggiata a senso unico di marcia;Asciutto;Asfaltata;Verticale ed orizzontale;Sereno;Normale;Buona;;0;0;0;2;12.4908;41.8641;-1;1;Autovettura privata;In marcia / fermata / arresto;Conducente;M;Illeso;0;;Non accertato;
4984199;11;08/07/2020 09:30:00;Strada Urbana;VIA GIOVANNI DA CAPISTRANO;all'intersezione con;PIAZZA RICOLDO DA MONTECROCE;PIAZZA RICOLDO DA MONTECROCE;;;Scontro frontale/laterale SX fra veicoli in marcia;Intersezione stradale segnalata;Una carreggiata a senso unico di marcia;Asciutto;Asfaltata;Verticale ed orizzontale;Sereno;Normale;Buona;;0;0;0;2;12.4908;41.8641;-1;2;Autovettura privata;In marcia / fermata / arresto;Conducente;M;Illeso;0;;Non accertato;
4984199;11;08/07/2020 09:30:00;Strada Urbana;VIA GIOVANNI DA CAPISTRANO;all'intersezione con;PIAZZA RICOLDO DA MONTECROCE;PIAZZA RICOLDO DA MONTECROCE;;;Scontro frontale/laterale SX fra veicoli in marcia;Intersezione stradale segnalata;Una carreggiata a senso unico di marcia;Asciutto;Asfaltata;Verticale ed orizzontale;Sereno;Normale;Buona;;0;0;0;2;12.4908;41.8641;-1;3;Autovettura privata;Sosta;;;;;;;
4984201;2;08/07/2020 22:40:00;Strada Urbana;VIA CAVALIER D'ARPINO;in prossimit�;;del civico n.;fr. 5/a;;Veicolo in marcia contro veicoli in sosta;Rettilineo;Una carreggiata a senso unico di marcia;Asciutto;Asfaltata;Verticale ed orizzontale;Sereno;Scarso;Buona;;0;0;0;3;12.4749;41.9257;-1;1;Autovettura privata;Sosta;;;;;;;
4984201;2;08/07/2020 22:40:00;Strada Urbana;VIA CAVALIER D'ARPINO;in prossimit�;;del civico n.;fr. 5/a;;Veicolo in marcia contro veicoli in sosta;Rettilineo;Una carreggiata a senso unico di marcia;Asciutto;Asfaltata;Verticale ed orizzontale;Sereno;Scarso;Buona;;0;0;0;3;12.4749;41.9257;-1;2;Motociclo a solo;Sosta;;;;;;;
4984201;2;08/07/2020 22:40:00;Strada Urbana;VIA CAVALIER D'ARPINO;in prossimit�;;del civico n.;fr. 5/a;;Veicolo in marcia contro veicoli in sosta;Rettilineo;Una carreggiata a senso unico di marcia;Asciutto;Asfaltata;Verticale ed orizzontale;Sereno;Scarso;Buona;;0;0;0;3;12.4749;41.9257;-1;3;Autocarro inferiore 35 q.;In marcia / fermata / arresto;Conducente;M;Illeso;0;;Non accertato;Inesploso
4984201;2;08/07/2020 22:40:00;Strada Urbana;VIA CAVALIER D'ARPINO;in prossimit�;;del civico n.;fr. 5/a;;Veicolo in marcia contro veicoli in sosta;Rettilineo;Una carreggiata a senso unico di marcia;Asciutto;Asfaltata;Verticale ed orizzontale;Sereno;Scarso;Buona;;0;0;0;3;12.4749;41.9257;-1;3;Autocarro inferiore 35 q.;In marcia / fermata / arresto;Passeggero;F;Illeso;0;;Non accertato;Inesploso
4984201;2;08/07/2020 22:40:00;Strada Urbana;VIA CAVALIER D'ARPINO;in prossimit�;;del civico n.;fr. 5/a;;Veicolo in marcia contro veicoli in sosta;Rettilineo;Una carreggiata a senso unico di marcia;Asciutto;Asfaltata;Verticale ed orizzontale;Sereno;Scarso;Buona;;0;0;0;3;12.4749;41.9257;-1;3;Autocarro inferiore 35 q.;In marcia / fermata / arresto;Passeggero;F;Illeso;0;;Non accertato;Inesploso
4984213;18;08/07/2020 16:50:00;Strada Urbana;VIA DELLA CAVA AURELIA;all'intersezione con;VIA DI MONTE DEL GALLO;VIA DI MONTE DEL GALLO;;;Scontro frontale/laterale DX fra veicoli in marcia;Intersezione stradale segnalata;Due carreggiate;Asciutto;Asfaltata;Verticale;Sereno;Normale;Buona;;0;0;0;2;12.4529;41.8929;-1;1;Autovettura privata;In marcia / fermata / arresto;Conducente;M;Illeso;0;;;
4984213;18;08/07/2020 16:50:00;Strada Urbana;VIA DELLA CAVA AURELIA;all'intersezione con;VIA DI MONTE DEL GALLO;VIA DI MONTE DEL GALLO;;;Scontro frontale/laterale DX fra veicoli in marcia;Intersezione stradale segnalata;Due carreggiate;Asciutto;Asfaltata;Verticale;Sereno;Normale;Buona;;0;0;0;2;12.4529;41.8929;-1;2;Autovettura privata;In marcia / fermata / arresto;Conducente;M;Illeso;0;;Non accertato;Inesploso
4984218;11;08/07/2020 23:20:00;Strada Urbana;VIA DEL PESCACCIO;all'intersezione con;RAMPA USCITA G.R.A. CARREGGIATA INTERNA;RAMPA USCITA G.R.A. CARREGGIATA INTERNA;;;Tamponamento;Intersezione stradale segnalata;Una carreggiata a doppio senso;Asciutto;Asfaltata;Verticale ed orizzontale;Sereno;Scarso;Buona;;0;0;0;5;12.3745;41.8659;-1;1;Autovettura privata;In marcia / fermata / arresto;Conducente;M;Illeso;0;;;
4984218;11;08/07/2020 23:20:00;Strada Urbana;VIA DEL PESCACCIO;all'intersezione con;RAMPA USCITA G.R.A. CARREGGIATA INTERNA;RAMPA USCITA G.R.A. CARREGGIATA INTERNA;;;Tamponamento;Intersezione stradale segnalata;Una carreggiata a doppio senso;Asciutto;Asfaltata;Verticale ed orizzontale;Sereno;Scarso;Buona;;0;0;0;5;12.3745;41.8659;-1;1;Autovettura privata;In marcia / fermata / arresto;Passeggero;M;Illeso;0;;;
4984218;11;08/07/2020 23:20:00;Strada Urbana;VIA DEL PESCACCIO;all'intersezione con;RAMPA USCITA G.R.A. CARREGGIATA INTERNA;RAMPA USCITA G.R.A. CARREGGIATA INTERNA;;;Tamponamento;Intersezione stradale segnalata;Una carreggiata a doppio senso;Asciutto;Asfaltata;Verticale ed orizzontale;Sereno;Scarso;Buona;;0;0;0;5;12.3745;41.8659;-1;1;Autovettura privata;In marcia / fermata / arresto;Passeggero;M;Illeso;0;;;
4984218;11;08/07/2020 23:20:00;Strada Urbana;VIA DEL PESCACCIO;all'intersezione con;RAMPA USCITA G.R.A. CARREGGIATA INTERNA;RAMPA USCITA G.R.A. CARREGGIATA INTERNA;;;Tamponamento;Intersezione stradale segnalata;Una carreggiata a doppio senso;Asciutto;Asfaltata;Verticale ed orizzontale;Sereno;Scarso;Buona;;0;0;0;5;12.3745;41.8659;-1;2;Autovettura privata;In marcia / fermata / arresto;Conducente;M;Illeso;0;;;
4984218;11;08/07/2020 23:20:00;Strada Urbana;VIA DEL PESCACCIO;all'intersezione con;RAMPA USCITA G.R.A. CARREGGIATA INTERNA;RAMPA USCITA G.R.A. CARREGGIATA INTERNA;;;Tamponamento;Intersezione stradale segnalata;Una carreggiata a doppio senso;Asciutto;Asfaltata;Verticale ed orizzontale;Sereno;Scarso;Buona;;0;0;0;5;12.3745;41.8659;-1;2;Autovettura privata;In marcia / fermata / arresto;Passeggero;M;Illeso;0;;;
4984240;11;08/07/2020 14:30:00;Strada Urbana;VIA LAURENTINA;da specificare;;;;FRONTE PALO ACEA 107;Veicolo in marcia contro veicoli in sosta;Curva a visuale libera;Due carreggiate;Asciutto;Asfaltata;Assente;Sereno;Normale;Buona;;1;0;0;0;12.4856;41.8103;-1;1;Autovettura privata;Sosta;;;;;;;
4984240;11;08/07/2020 14:30:00;Strada Urbana;VIA LAURENTINA;da specificare;;;;FRONTE PALO ACEA 107;Veicolo in marcia contro veicoli in sosta;Curva a visuale libera;Due carreggiate;Asciutto;Asfaltata;Assente;Sereno;Normale;Buona;;1;0;0;0;12.4856;41.8103;-1;2;Autovettura privata;Sosta;;;;;;;
4984240;11;08/07/2020 14:30:00;Strada Urbana;VIA LAURENTINA;da specificare;;;;FRONTE PALO ACEA 107;Veicolo in marcia contro veicoli in sosta;Curva a visuale libera;Due carreggiate;Asciutto;Asfaltata;Assente;Sereno;Normale;Buona;;1;0;0;0;12.4856;41.8103;-1;3;Autovettura privata;In marcia / fermata / arresto;Conducente;M;Rimandato;0;NON DECEDUTO;Non accertato;
4984241;1;09/07/2020 08:35:00;Strada Urbana;CORSO VITTORIO EMANUELE II;in corrispondenza;;del civico n.;34;;Veicolo in marcia contro veicoli in sosta;Rettilineo;Una carreggiata a doppio senso;Asciutto;Asfaltata;Verticale ed orizzontale;Sereno;Normale;Buona;;1;0;0;1;12.478;41.8959;-1;1;Motociclo a solo;In marcia / fermata / arresto;Conducente;M;Rimandato;0;NON DECEDUTO;;
4984241;1;09/07/2020 08:35:00;Strada Urbana;CORSO VITTORIO EMANUELE II;in corrispondenza;;del civico n.;34;;Veicolo in marcia contro veicoli in sosta;Rettilineo;Una carreggiata a doppio senso;Asciutto;Asfaltata;Verticale ed orizzontale;Sereno;Normale;Buona;;1;0;0;1;12.478;41.8959;-1;2;Autovettura privata;Sosta;;;;;;;
4984241;1;09/07/2020 08:35:00;Strada Urbana;CORSO VITTORIO EMANUELE II;in corrispondenza;;del civico n.;34;;Veicolo in marcia contro veicoli in sosta;Rettilineo;Una carreggiata a doppio senso;Asciutto;Asfaltata;Verticale ed orizzontale;Sereno;Normale;Buona;;1;0;0;1;12.478;41.8959;-1;3;Motociclo a solo;Sosta;;;;;;;
4984241;1;09/07/2020 08:35:00;Strada Urbana;CORSO VITTORIO EMANUELE II;in corrispondenza;;del civico n.;34;;Veicolo in marcia contro veicoli in sosta;Rettilineo;Una carreggiata a doppio senso;Asciutto;Asfaltata;Verticale ed orizzontale;Sereno;Normale;Buona;;1;0;0;1;12.478;41.8959;-1;4;Autovettura privata;In marcia / fermata / arresto;Conducente;M;Illeso;0;;Non accertato;Inesploso
4984243;19;08/07/2020 16:30:00;Strada Urbana;VIA ANDERSEN;in prossimit�;;del civico n.;58;;Scontro frontale/laterale SX fra veicoli in marcia;Rettilineo;Una carreggiata a doppio senso;Asciutto;Asfaltata;Verticale ed orizzontale;Sereno;Scarso;Buona;;1;0;0;2;12.402;41.9241;-1;1;Autovettura privata;In marcia / fermata / arresto;Conducente;M;Rimandato;0;NON DECEDUTO;;
4984243;19;08/07/2020 16:30:00;Strada Urbana;VIA ANDERSEN;in prossimit�;;del civico n.;58;;Scontro frontale/laterale SX fra veicoli in marcia;Rettilineo;Una carreggiata a doppio senso;Asciutto;Asfaltata;Verticale ed orizzontale;Sereno;Scarso;Buona;;1;0;0;2;12.402;41.9241;-1;2;Autovettura privata;In marcia / fermata / arresto;Conducente;M;Illeso;0;;;
4984243;19;08/07/2020 16:30:00;Strada Urbana;VIA ANDERSEN;in prossimit�;;del civico n.;58;;Scontro frontale/laterale SX fra veicoli in marcia;Rettilineo;Una carreggiata a doppio senso;Asciutto;Asfaltata;Verticale ed orizzontale;Sereno;Scarso;Buona;;1;0;0;2;12.402;41.9241;-1;3;Autovettura privata;Sosta;;;;;;;
4984243;19;08/07/2020 16:30:00;Strada Urbana;VIA ANDERSEN;in prossimit�;;del civico n.;58;;Scontro frontale/laterale SX fra veicoli in marcia;Rettilineo;Una carreggiata a doppio senso;Asciutto;Asfaltata;Verticale ed orizzontale;Sereno;Scarso;Buona;;1;0;0;2;12.402;41.9241;-1;4;Autovettura privata;In marcia / fermata / arresto;Conducente;M;Illeso;0;;;
4984271;11;09/07/2020 06:00:00;Strada Urbana;VIA OSTIENSE;da specificare;;;;FRONTE CIV. 361;Veicolo in marcia contro veicolo in sosta;Rettilineo;Una carreggiata a doppio senso;Asciutto;Asfaltata;Verticale ed orizzontale;Sereno;Scarso;Buona;;0;0;0;0;12.4769;41.854;-1;1;Autovettura privata;Sosta;;;;;;;
4984271;11;09/07/2020 06:00:00;Strada Urbana;VIA OSTIENSE;da specificare;;;;FRONTE CIV. 361;Veicolo in marcia contro veicolo in sosta;Rettilineo;Una carreggiata a doppio senso;Asciutto;Asfaltata;Verticale ed orizzontale;Sereno;Scarso;Buona;;0;0;0;0;12.4769;41.854;-1;2;Autovettura privata;In marcia / fermata / arresto;;;;;;;
4984291;23;08/07/2020 01:17:00;Strada Urbana;VIA DEL TEATRO DI MARCELLO;in prossimit�;;del civico n.;34;;Tamponamento;Curva a visuale libera;Una carreggiata a doppio senso;Asciutto;In cubetti di porfido;Verticale ed orizzontale;Sereno;Scarso;Buona;;0;0;0;3;12.4812;41.8931;-1;1;Autovettura privata;In marcia / fermata / arresto;Conducente;M;Illeso;0;;Utilizzato;Inesploso
4984291;23;08/07/2020 01:17:00;Strada Urbana;VIA DEL TEATRO DI MARCELLO;in prossimit�;;del civico n.;34;;Tamponamento;Curva a visuale libera;Una carreggiata a doppio senso;Asciutto;In cubetti di porfido;Verticale ed orizzontale;Sereno;Scarso;Buona;;0;0;0;3;12.4812;41.8931;-1;2;Autovettura privata;In marcia / fermata / arresto;Conducente;M;Illeso;0;;Utilizzato;Inesploso
4984291;23;08/07/2020 01:17:00;Strada Urbana;VIA DEL TEATRO DI MARCELLO;in prossimit�;;del civico n.;34;;Tamponamento;Curva a visuale libera;Una carreggiata a doppio senso;Asciutto;In cubetti di porfido;Verticale ed orizzontale;Sereno;Scarso;Buona;;0;0;0;3;12.4812;41.8931;-1;2;Autovettura privata;In marcia / fermata / arresto;Passeggero;M;Illeso;0;;Non accertato;Inesploso
4984302;17;08/07/2020 16:00:00;Strada Urbana;VIALE DELLE MEDAGLIE D'ORO;in prossimit�;;del civico n.;39;;Veicolo in marcia contro veicolo fermo;Rettilineo;Una carreggiata a doppio senso;Asciutto;In cubetti di porfido;Verticale ed orizzontale;Sereno;Scarso;Buona;;0;0;0;1;12.4463;41.9103;-1;1;Autovettura privata;In marcia / fermata / arresto;Conducente;M;Illeso;0;;Non accertato;Inesploso
4984305;19;09/07/2020 09:10:00;Strada Urbana;VIA IRMA BANDIERA;all'intersezione con;VIA GABRIELLA DEGLI ESPOSTI;VIA GABRIELLA DEGLI ESPOSTI;;;Scontro laterale fra veicoli in marcia;Incrocio;Una carreggiata a doppio senso;Asciutto;Asfaltata;Verticale ed orizzontale;Sereno;Scarso;Buona;;1;0;0;5;12.3656;41.9402;-1;1;Autovettura privata;In marcia / fermata / arresto;Conducente;F;Illeso;0;;;
4984305;19;09/07/2020 09:10:00;Strada Urbana;VIA IRMA BANDIERA;all'intersezione con;VIA GABRIELLA DEGLI ESPOSTI;VIA GABRIELLA DEGLI ESPOSTI;;;Scontro laterale fra veicoli in marcia;Incrocio;Una carreggiata a doppio senso;Asciutto;Asfaltata;Verticale ed orizzontale;Sereno;Scarso;Buona;;1;0;0;5;12.3656;41.9402;-1;1;Autovettura privata;In marcia / fermata / arresto;Passeggero;F;Illeso;0;;;
4984305;19;09/07/2020 09:10:00;Strada Urbana;VIA IRMA BANDIERA;all'intersezione con;VIA GABRIELLA DEGLI ESPOSTI;VIA GABRIELLA DEGLI ESPOSTI;;;Scontro laterale fra veicoli in marcia;Incrocio;Una carreggiata a doppio senso;Asciutto;Asfaltata;Verticale ed orizzontale;Sereno;Scarso;Buona;;1;0;0;5;12.3656;41.9402;-1;1;Autovettura privata;In marcia / fermata / arresto;Passeggero;M;Illeso;0;;;
4984305;19;09/07/2020 09:10:00;Strada Urbana;VIA IRMA BANDIERA;all'intersezione con;VIA GABRIELLA DEGLI ESPOSTI;VIA GABRIELLA DEGLI ESPOSTI;;;Scontro laterale fra veicoli in marcia;Incrocio;Una carreggiata a doppio senso;Asciutto;Asfaltata;Verticale ed orizzontale;Sereno;Scarso;Buona;;1;0;0;5;12.3656;41.9402;-1;2;Autovettura privata;In marcia / fermata / arresto;Conducente;M;Illeso;0;;;
4984305;19;09/07/2020 09:10:00;Strada Urbana;VIA IRMA BANDIERA;all'intersezione con;VIA GABRIELLA DEGLI ESPOSTI;VIA GABRIELLA DEGLI ESPOSTI;;;Scontro laterale fra veicoli in marcia;Incrocio;Una carreggiata a doppio senso;Asciutto;Asfaltata;Verticale ed orizzontale;Sereno;Scarso;Buona;;1;0;0;5;12.3656;41.9402;-1;2;Autovettura privata;In marcia / fermata / arresto;Passeggero;M;Illeso;0;;;
4984305;19;09/07/2020 09:10:00;Strada Urbana;VIA IRMA BANDIERA;all'intersezione con;VIA GABRIELLA DEGLI ESPOSTI;VIA GABRIELLA DEGLI ESPOSTI;;;Scontro laterale fra veicoli in marcia;Incrocio;Una carreggiata a doppio senso;Asciutto;Asfaltata;Verticale ed orizzontale;Sereno;Scarso;Buona;;1;0;0;5;12.3656;41.9402;-1;2;Autovettura privata;In marcia / fermata / arresto;Passeggero;M;Rimandato;0;NON DECEDUTO;;
4984305;19;09/07/2020 09:10:00;Strada Urbana;VIA IRMA BANDIERA;all'intersezione con;VIA GABRIELLA DEGLI ESPOSTI;VIA GABRIELLA DEGLI ESPOSTI;;;Scontro laterale fra veicoli in marcia;Incrocio;Una carreggiata a doppio senso;Asciutto;Asfaltata;Verticale ed orizzontale;Sereno;Scarso;Buona;;1;0;0;5;12.3656;41.9402;-1;3;Autovettura privata;Sosta;;;;;;;
4984348;19;09/07/2020 11:30:00;Strada Urbana;VIA ARISTIDE GABELLI;in prossimit�;;del civico n.;3;;Scontro laterale fra veicoli in marcia;Rettilineo;Una carreggiata a senso unico di marcia;Asciutto;Asfaltata;Verticale ed orizzontale;Sereno;Scarso;Buona;;0;0;0;3;12.4213;41.9418;-1;1;Autovettura privata;In marcia / fermata / arresto;Conducente;M;Illeso;0;;;
4984348;19;09/07/2020 11:30:00;Strada Urbana;VIA ARISTIDE GABELLI;in prossimit�;;del civico n.;3;;Scontro laterale fra veicoli in marcia;Rettilineo;Una carreggiata a senso unico di marcia;Asciutto;Asfaltata;Verticale ed orizzontale;Sereno;Scarso;Buona;;0;0;0;3;12.4213;41.9418;-1;2;Autovettura privata;In marcia / fermata / arresto;Conducente;M;Illeso;0;;;
4984348;19;09/07/2020 11:30:00;Strada Urbana;VIA ARISTIDE GABELLI;in prossimit�;;del civico n.;3;;Scontro laterale fra veicoli in marcia;Rettilineo;Una carreggiata a senso unico di marcia;Asciutto;Asfaltata;Verticale ed orizzontale;Sereno;Scarso;Buona;;0;0;0;3;12.4213;41.9418;-1;2;Autovettura privata;In marcia / fermata / arresto;Passeggero;F;Illeso;0;;;
4984366;9;09/07/2020 07:40:00;Strada Urbana;VIA ENNA;da specificare;;;;fronte civico 21/A;Scontro frontale/laterale DX fra veicoli in marcia;Rettilineo;Una carreggiata a doppio senso;Asciutto;Asfaltata;Orizzontale;Sereno;Normale;Buona;;1;0;0;1;12.5231;41.8832;-1;1;Autovettura privata;In marcia / fermata / arresto;Conducente;F;Illeso;0;;Non accertato;Inesploso
4984366;9;09/07/2020 07:40:00;Strada Urbana;VIA ENNA;da specificare;;;;fronte civico 21/A;Scontro frontale/laterale DX fra veicoli in marcia;Rettilineo;Una carreggiata a doppio senso;Asciutto;Asfaltata;Orizzontale;Sereno;Normale;Buona;;1;0;0;1;12.5231;41.8832;-1;2;Motociclo a solo;In marcia / fermata / arresto;Conducente;M;Rimandato;0;NON DECEDUTO;Non accertato;
4984366;9;09/07/2020 07:40:00;Strada Urbana;VIA ENNA;da specificare;;;;fronte civico 21/A;Scontro frontale/laterale DX fra veicoli in marcia;Rettilineo;Una carreggiata a doppio senso;Asciutto;Asfaltata;Orizzontale;Sereno;Normale;Buona;;1;0;0;1;12.5231;41.8832;-1;3;Autovettura privata;Sosta;;;;;;;
4984391;1;09/07/2020 10:30:00;Strada Urbana;PIAZZA DELL'ESQUILINO;all'intersezione semaforizzata con;VIA CAVOUR;VIA CAVOUR;;;Scontro frontale fra veicoli in marcia;Intersezione semaforizzata;Una carreggiata a doppio senso;Asciutto;Asfaltata;Verticale ed orizzontale;Nebbia;Intenso;Buona;;1;0;0;1;12.4975;41.8987;-1;1;Motociclo a solo;In marcia / fermata / arresto;Conducente;M;Rimandato;0;NON DECEDUTO;Non accertato;
4984391;1;09/07/2020 10:30:00;Strada Urbana;PIAZZA DELL'ESQUILINO;all'intersezione semaforizzata con;VIA CAVOUR;VIA CAVOUR;;;Scontro frontale fra veicoli in marcia;Intersezione semaforizzata;Una carreggiata a doppio senso;Asciutto;Asfaltata;Verticale ed orizzontale;Nebbia;Intenso;Buona;;1;0;0;1;12.4975;41.8987;-1;2;Autovettura privata;In marcia / fermata / arresto;Conducente;M;Illeso;0;;Non accertato;Inesploso
4984396;17;07/07/2020 08:50:00;Strada Urbana;VIA LEONE IV;all'intersezione semaforizzata con;VIALE VATICANO;VIALE VATICANO;;;Tamponamento;Intersezione semaforizzata;Una carreggiata a doppio senso;Asciutto;Asfaltata;Verticale ed orizzontale;Sereno;Normale;Buona;;0;0;0;2;12.4556;41.9076;-1;1;Motociclo a solo;In marcia / fermata / arresto;Conducente;F;Illeso;0;;;
4984396;17;07/07/2020 08:50:00;Strada Urbana;VIA LEONE IV;all'intersezione semaforizzata con;VIALE VATICANO;VIALE VATICANO;;;Tamponamento;Intersezione semaforizzata;Una carreggiata a doppio senso;Asciutto;Asfaltata;Verticale ed orizzontale;Sereno;Normale;Buona;;0;0;0;2;12.4556;41.9076;-1;2;Motociclo a solo;Allontanatosi;Conducente;M;Illeso;0;;;
4984405;17;08/07/2020 11:40:00;Strada Urbana;PIAZZA ADRIANA;all'intersezione con;PIAZZA CAVOUR;PIAZZA CAVOUR;;;Scontro frontale/laterale SX fra veicoli in marcia;Intersezione stradale segnalata;Una carreggiata a senso unico di marcia;Asciutto;Asfaltata;Verticale ed orizzontale;Sereno;Normale;Buona;;1;0;0;2;12.4689;41.9043;-1;1;Autovettura privata;In marcia / fermata / arresto;Conducente;M;Illeso;0;;;