Protocollo;Gruppo;DataOraIncidente;Localizzazione1;STRADA1;Localizzazione2;STRADA2;Strada02;Chilometrica;DaSpecificare;NaturaIncidente;particolaritastrade;TipoStrada;FondoStradale;Pavimentazione;Segnaletica;CondizioneAtmosferica;Traffico;Visibilita;Illuminazione;NUM_FERITI;NUM_RISERVATA;NUM_MORTI;NUM_ILLESI;Longitudine;Latitudine;Confermato;Progressivo;TipoVeicolo;StatoVeicolo;TipoPersona;Sesso;Tipolesione;Deceduto;DecedutoDopo;CinturaCascoUtilizzato;Airbag;
4985286;6;09/07/2020 12:30:00;Strada Urbana;VIA MUZIO ATTENDOLO;in corrispondenza;;del civico n.;57;;Veicolo in marcia contro veicolo in sosta;Rettilineo;Una carreggiata a senso unico di marcia;Asciutto;Asfaltata;Assente;Sereno;Normale;Buona;;0;0;0;2;12.5356;41.8911;-1;1;Autovettura privata;In marcia / fermata / arresto;Passeggero;F;Illeso;0;;Non accertato;Inesploso
4985286;6;09/07/2020 12:30:00;Strada Urbana;VIA MUZIO ATTENDOLO;in corrispondenza;;del civico n.;57;;Veicolo in marcia contro veicolo in sosta;Rettilineo;Una carreggiata a senso unico di marcia;Asciutto;Asfaltata;Assente;Sereno;Normale;Buona;;0;0;0;2;12.5356;41.8911;-1;2;Autovettura privata;Sosta;;;;;;;
4985333;12;10/07/2020 08:50:00;Strada Urbana;VIALE DELL'OCEANO PACIFICO;all'intersezione con;VIA INDONESIA;VIA INDONESIA;;;Scontro frontale/laterale DX fra veicoli in marcia;Intersezione stradale segnalata;Una carreggiata a senso unico di marcia;Asciutto;Asfaltata;Verticale ed orizzontale;Sereno;Scarso;Buona;;0;0;0;2;12.4589;41.8223;-1;1;Autovettura privata;In marcia / fermata / arresto;Conducente;M;Illeso;0;;Utilizzato;Inesploso
4985333;12;10/07/2020 08:50:00;Strada Urbana;VIALE DELL'OCEANO PACIFICO;all'intersezione con;VIA INDONESIA;VIA INDONESIA;;;Scontro frontale/laterale DX fra veicoli in marcia;Intersezione stradale segnalata;Una carreggiata a senso unico di marcia;Asciutto;Asfaltata;Verticale ed orizzontale;Sereno;Scarso;Buona;;0;0;0;2;12.4589;41.8223;-1;2;Autovettura privata;In marcia / fermata / arresto;Conducente;M;Illeso;0;;;Inesploso
4985336;6;09/07/2020 20:50:00;Strada Urbana;VIALE AGOSTA;in corrispondenza;;del civico n.;56;;Scontro laterale fra veicoli in marcia;Rettilineo;Due carreggiate;Asciutto;Asfaltata;Verticale ed orizzontale;Sereno;Normale;Buona;;1;0;0;1;12.5582;41.8915;-1;1;Autovettura privata;In marcia / fermata / arresto;Conducente;F;Illeso;0;;;
4985336;6;09/07/2020 20:50:00;Strada Urbana;VIALE AGOSTA;in corrispondenza;;del civico n.;56;;Scontro laterale fra veicoli in marcia;Rettilineo;Due carreggiate;Asciutto;Asfaltata;Verticale ed orizzontale;Sereno;Normale;Buona;;1;0;0;1;12.5582;41.8915;-1;2;Velocipede;In marcia / fermata / arresto;Conducente;M;Rimandato;0;NON DECEDUTO;Esente;
4985347;17;10/07/2020 08:10:00;Strada Urbana;VIA LUCREZIO CARO;all'intersezione con;VIA ENNIO QUIRINO VISCONTI;VIA ENNIO QUIRINO VISCONTI;;;Scontro frontale/laterale SX fra veicoli in marcia;Intersezione stradale segnalata;Una carreggiata a senso unico di marcia;Asciutto;In cubetti di porfido;Verticale;Sereno;Normale;Buona;;0;0;0;2;12.4697;41.9076;-1;1;Autovettura privata;In marcia / fermata / arresto;Conducente;F;Illeso;0;;;
4985347;17;10/07/2020 08:10:00;Strada Urbana;VIA LUCREZIO CARO;all'intersezione con;VIA ENNIO QUIRINO VISCONTI;VIA ENNIO QUIRINO VISCONTI;;;Scontro frontale/laterale SX fra veicoli in marcia;Intersezione stradale segnalata;Una carreggiata a senso unico di marcia;Asciutto;In cubetti di porfido;Verticale;Sereno;Normale;Buona;;0;0;0;2;12.4697;41.9076;-1;2;Autocarro inferiore 35 q.;In marcia / fermata / arresto;Conducente;M;Illeso;0;;;
4985365;1;09/07/2020 16:30:00;Strada Urbana;LUNGOTEVERE MARZIO;all'intersezione semaforizzata con;PONTE CAVOUR;PONTE CAVOUR;;;Scontro frontale/laterale SX fra veicoli in marcia;Intersezione semaforizzata;Una carreggiata a senso unico di marcia;Asciutto;Asfaltata;Verticale ed orizzontale;Sereno;Normale;Buona;;0;0;0;6;12.4739;41.9032;-1;1;Autovettura privata;In marcia / fermata / arresto;Conducente;F;Illeso;0;;Non accertato;Inesploso
4985365;1;09/07/2020 16:30:00;Strada Urbana;LUNGOTEVERE MARZIO;all'intersezione semaforizzata con;PONTE CAVOUR;PONTE CAVOUR;;;Scontro frontale/laterale SX fra veicoli in marcia;Intersezione semaforizzata;Una carreggiata a senso unico di marcia;Asciutto;Asfaltata;Verticale ed orizzontale;Sereno;Normale;Buona;;0;0;0;6;12.4739;41.9032;-1;1;Autovettura privata;In marcia / fermata / arresto;Passeggero;F;Illeso;0;;Non accertato;Inesploso
4985365;1;09/07/2020 16:30:00;Strada Urbana;LUNGOTEVERE MARZIO;all'intersezione semaforizzata con;PONTE CAVOUR;PONTE CAVOUR;;;Scontro frontale/laterale SX fra veicoli in marcia;Intersezione semaforizzata;Una carreggiata a senso unico di marcia;Asciutto;Asfaltata;Verticale ed orizzontale;Sereno;Normale;Buona;;0;0;0;6;12.4739;41.9032;-1;2;Autovettura privata;In marcia / fermata / arresto;Conducente;M;Illeso;0;;Non accertato;Inesploso
4985365;1;09/07/2020 16:30:00;Strada Urbana;LUNGOTEVERE MARZIO;all'intersezione semaforizzata con;PONTE CAVOUR;PONTE CAVOUR;;;Scontro frontale/laterale SX fra veicoli in marcia;Intersezione semaforizzata;Una carreggiata a senso unico di marcia;Asciutto;Asfaltata;Verticale ed orizzontale;Sereno;Normale;Buona;;0;0;0;6;12.4739;41.9032;-1;2;Autovettura privata;In marcia / fermata / arresto;Passeggero;F;Illeso;0;;Non accertato;Inesploso
4985365;1;09/07/2020 16:30:00;Strada Urbana;LUNGOTEVERE MARZIO;all'intersezione semaforizzata con;PONTE CAVOUR;PONTE CAVOUR;;;Scontro frontale/laterale SX fra veicoli in marcia;Intersezione semaforizzata;Una carreggiata a senso unico di marcia;Asciutto;Asfaltata;Verticale ed orizzontale;Sereno;Normale;Buona;;0;0;0;6;12.4739;41.9032;-1;2;Autovettura privata;In marcia / fermata / arresto;Passeggero;M;Illeso;0;;Non accertato;
4985365;1;09/07/2020 16:30:00;Strada Urbana;LUNGOTEVERE MARZIO;all'intersezione semaforizzata con;PONTE CAVOUR;PONTE CAVOUR;;;Scontro frontale/laterale SX fra veicoli in marcia;Intersezione semaforizzata;Una carreggiata a senso unico di marcia;Asciutto;Asfaltata;Verticale ed orizzontale;Sereno;Normale;Buona;;0;0;0;6;12.4739;41.9032;-1;2;Autovettura privata;In marcia / fermata / arresto;Passeggero;M;Illeso;0;;Non accertato;
4985370;9;10/07/2020 03:00:00;Strada Urbana;VIA GENZANO;in prossimit�;;del civico n.;26;;Veicolo in marcia contro veicolo in sosta;Rettilineo;Una carreggiata a senso unico di marcia;Asciutto;Asfaltata;Assente;Sereno;Scarso;Buona;;0;0;0;0;12.5294;41.8706;-1;1;Autovettura privata;Allontanatosi;;;;;;;
4985370;9;10/07/2020 03:00:00;Strada Urbana;VIA GENZANO;in prossimit�;;del civico n.;26;;Veicolo in marcia contro veicolo in sosta;Rettilineo;Una carreggiata a senso unico di marcia;Asciutto;Asfaltata;Assente;Sereno;Scarso;Buona;;0;0;0;0;12.5294;41.8706;-1;2;Autovettura privata;Sosta;;;;;;;
4985370;9;10/07/2020 03:00:00;Strada Urbana;VIA GENZANO;in prossimit�;;del civico n.;26;;Veicolo in marcia contro veicolo in sosta;Rettilineo;Una carreggiata a senso unico di marcia;Asciutto;Asfaltata;Assente;Sereno;Scarso;Buona;;0;0;0;0;12.5294;41.8706;-1;3;Autovettura privata;Sosta;;;;;;;
4985382;12;09/07/2020 16:35:00;Strada Urbana;VIALE DELL'OCEANO INDIANO;in corrispondenza;;del civico n.;19;;Scontro frontale/laterale DX fra veicoli in marcia;Rettilineo;Una carreggiata a doppio senso;Asciutto;Asfaltata;Verticale ed orizzontale;Sereno;Scarso;Buona;;0;0;0;3;12.452;41.8269;-1;1;Autovettura privata;In marcia / fermata / arresto;Conducente;M;Illeso;0;;;Inesploso
4985382;12;09/07/2020 16:35:00;Strada Urbana;VIALE DELL'OCEANO INDIANO;in corrispondenza;;del civico n.;19;;Scontro frontale/laterale DX fra veicoli in marcia;Rettilineo;Una carreggiata a doppio senso;Asciutto;Asfaltata;Verticale ed orizzontale;Sereno;Scarso;Buona;;0;0;0;3;12.452;41.8269;-1;1;Autovettura privata;In marcia / fermata / arresto;Passeggero;F;Illeso;0;;;Inesploso
4985382;12;09/07/2020 16:35:00;Strada Urbana;VIALE DELL'OCEANO INDIANO;in corrispondenza;;del civico n.;19;;Scontro frontale/laterale DX fra veicoli in marcia;Rettilineo;Una carreggiata a doppio senso;Asciutto;Asfaltata;Verticale ed orizzontale;Sereno;Scarso;Buona;;0;0;0;3;12.452;41.8269;-1;2;Autovettura privata;In marcia / fermata / arresto;Conducente;F;Illeso;0;;;Inesploso
4985397;6;10/07/2020 00:30:00;Statale entro l'abitato;VIA TUSCOLANA;in corrispondenza;;del civico n.;1040/A;;Investimento di pedone;Rettilineo;Due carreggiate;Asciutto;Asfaltata;Orizzontale;Sereno;Normale;Buona;;1;0;0;1;12.5567;41.8598;-1;;;;Pedone;M;Rimandato;0;NON DECEDUTO;;
4985397;6;10/07/2020 00:30:00;Statale entro l'abitato;VIA TUSCOLANA;in corrispondenza;;del civico n.;1040/A;;Investimento di pedone;Rettilineo;Due carreggiate;Asciutto;Asfaltata;Orizzontale;Sereno;Normale;Buona;;1;0;0;1;12.5567;41.8598;-1;1;Motociclo a solo;In marcia / fermata / arresto;Conducente;M;Illeso;0;;Non accertato;
4985400;18;10/07/2020 10:20:00;Strada Urbana;PIAZZA ORMEA;in corrispondenza;;del civico n.;11;;Scontro frontale/laterale DX fra veicoli in marcia;Rettilineo;Una carreggiata a doppio senso;Asciutto;Asfaltata;Verticale ed orizzontale;Sereno;Intenso;Buona;;0;0;0;2;12.3695;41.9159;-1;1;Autocarro inferiore 35 q.;In marcia / fermata / arresto;Conducente;M;Illeso;0;;Non accertato;Inesploso
4985400;18;10/07/2020 10:20:00;Strada Urbana;PIAZZA ORMEA;in corrispondenza;;del civico n.;11;;Scontro frontale/laterale DX fra veicoli in marcia;Rettilineo;Una carreggiata a doppio senso;Asciutto;Asfaltata;Verticale ed orizzontale;Sereno;Intenso;Buona;;0;0;0;2;12.3695;41.9159;-1;2;Autovettura privata;In marcia / fermata / arresto;Conducente;F;Illeso;0;;Non accertato;Inesploso
4985434;1;09/07/2020 14:40:00;Strada Urbana;PORTA S. SEBASTIANO;in prossimit�;;del civico n.;18;;Tamponamento Multiplo;Rettilineo;Una carreggiata a senso unico di marcia;Asciutto;In cubetti di porfido;Verticale ed orizzontale;Sereno;Normale;Buona;;1;0;0;2;12.5014;41.8735;-1;1;Autovettura privata;In marcia / fermata / arresto;Conducente;F;Illeso;0;;;
4985434;1;09/07/2020 14:40:00;Strada Urbana;PORTA S. SEBASTIANO;in prossimit�;;del civico n.;18;;Tamponamento Multiplo;Rettilineo;Una carreggiata a senso unico di marcia;Asciutto;In cubetti di porfido;Verticale ed orizzontale;Sereno;Normale;Buona;;1;0;0;2;12.5014;41.8735;-1;2;Autovettura privata;In marcia / fermata / arresto;Conducente;M;Rifiuta cure immediate;0;NON DECEDUTO;;
4985434;1;09/07/2020 14:40:00;Strada Urbana;PORTA S. SEBASTIANO;in prossimit�;;del civico n.;18;;Tamponamento Multiplo;Rettilineo;Una carreggiata a senso unico di marcia;Asciutto;In cubetti di porfido;Verticale ed orizzontale;Sereno;Normale;Buona;;1;0;0;2;12.5014;41.8735;-1;3;Autocarro inferiore 35 q.;In marcia / fermata / arresto;Conducente;M;Illeso;0;;;
4985439;13;09/07/2020 13:35:00;Strada Urbana;VIA GASPARE SCUDERI;in corrispondenza;;del civico n.;99;;Veicolo in marcia contro ostacolo fisso;Rettilineo;Una carreggiata a doppio senso;Asciutto;Inghiaiata;Assente;Sereno;Normale;Buona;;2;0;0;0;12.3829;41.7445;-1;1;Autovettura privata;In marcia / fermata / arresto;Conducente;M;Rimandato;0;NON DECEDUTO;Non accertato;Inesploso
4985439;13;09/07/2020 13:35:00;Strada Urbana;VIA GASPARE SCUDERI;in corrispondenza;;del civico n.;99;;Veicolo in marcia contro ostacolo fisso;Rettilineo;Una carreggiata a doppio senso;Asciutto;Inghiaiata;Assente;Sereno;Normale;Buona;;2;0;0;0;12.3829;41.7445;-1;1;Autovettura privata;In marcia / fermata / arresto;Passeggero;F;Rimandato;0;NON DECEDUTO;Non accertato;Inesploso
4985460;18;10/07/2020 11:45:00;Strada Urbana;VIA BALDO DEGLI UBALDI;da specificare;;;;fronte 350;Tamponamento Multiplo;Rettilineo;Due carreggiate;Asciutto;Asfaltata;Verticale ed orizzontale;Sereno;Normale;Buona;;1;0;0;3;12.4401;41.9022;-1;1;Autovettura privata;In marcia / fermata / arresto;Conducente;M;Illeso;0;;Non accertato;Inesploso
4985460;18;10/07/2020 11:45:00;Strada Urbana;VIA BALDO DEGLI UBALDI;da specificare;;;;fronte 350;Tamponamento Multiplo;Rettilineo;Due carreggiate;Asciutto;Asfaltata;Verticale ed orizzontale;Sereno;Normale;Buona;;1;0;0;3;12.4401;41.9022;-1;2;Autovettura privata;In marcia / fermata / arresto;Conducente;M;Illeso;0;;Non accertato;Inesploso
4985460;18;10/07/2020 11:45:00;Strada Urbana;VIA BALDO DEGLI UBALDI;da specificare;;;;fronte 350;Tamponamento Multiplo;Rettilineo;Due carreggiate;Asciutto;Asfaltata;Verticale ed orizzontale;Sereno;Normale;Buona;;1;0;0;3;12.4401;41.9022;-1;2;Autovettura privata;In marcia / fermata / arresto;Passeggero;F;Illeso;0;;Non accertato;Inesploso
4985460;18;10/07/2020 11:45:00;Strada Urbana;VIA BALDO DEGLI UBALDI;da specificare;;;;fronte 350;Tamponamento Multiplo;Rettilineo;Due carreggiate;Asciutto;Asfaltata;Verticale ed orizzontale;Sereno;Normale;Buona;;1;0;0;3;12.4401;41.9022;-1;3;Autovettura privata;In marcia / fermata / arresto;Conducente;F;Rimandato;0;NON DECEDUTO;Non accertato;Inesploso
4985535;13;09/07/2020 13:48:00;Strada Urbana;VIA ALESSANDRO STRADELLA;all'intersezione con;VIA CESARE PASCUCCI;VIA CESARE PASCUCCI;;;Scontro frontale/laterale SX fra veicoli in marcia;Incrocio;Una carreggiata a doppio senso;Asciutto;Asfaltata;Verticale ed orizzontale;Sereno;Normale;Buona;;0;0;0;3;12.3557;41.7401;-1;1;Autovettura privata;In marcia / fermata / arresto;Conducente;M;Illeso;0;;Non accertato;Inesploso
4985535;13;09/07/2020 13:48:00;Strada Urbana;VIA ALESSANDRO STRADELLA;all'intersezione con;VIA CESARE PASCUCCI;VIA CESARE PASCUCCI;;;Scontro frontale/laterale SX fra veicoli in marcia;Incrocio;Una carreggiata a doppio senso;Asciutto;Asfaltata;Verticale ed orizzontale;Sereno;Normale;Buona;;0;0;0;3;12.3557;41.7401;-1;1;Autovettura privata;In marcia / fermata / arresto;Passeggero;M;Illeso;0;;Non accertato;Inesploso
4985535;13;09/07/2020 13:48:00;Strada Urbana;VIA ALESSANDRO STRADELLA;all'intersezione con;VIA CESARE PASCUCCI;VIA CESARE PASCUCCI;;;Scontro frontale/laterale SX fra veicoli in marcia;Incrocio;Una carreggiata a doppio senso;Asciutto;Asfaltata;Verticale ed orizzontale;Sereno;Normale;Buona;;0;0;0;3;12.3557;41.7401;-1;2;Autovettura privata;In marcia / fermata / arresto;Conducente;M;Illeso;0;;Non accertato;Inesploso
4985597;7;09/07/2020 20:40:00;Strada Urbana;VIA RAIMONDO TARGETTI;in prossimit�;;del civico n.;10;;Scontro laterale fra veicoli in marcia;Rettilineo;Una carreggiata a doppio senso;Asciutto;Asfaltata;Orizzontale;Sereno;Normale;Sufficiente;;0;0;0;3;12.5837;41.8917;-1;1;Autovettura pubblica;In marcia / fermata / arresto;Conducente;M;Illeso;0;;Non accertato;Inesploso
4985597;7;09/07/2020 20:40:00;Strada Urbana;VIA RAIMONDO TARGETTI;in prossimit�;;del civico n.;10;;Scontro laterale fra veicoli in marcia;Rettilineo;Una carreggiata a doppio senso;Asciutto;Asfaltata;Orizzontale;Sereno;Normale;Sufficiente;;0;0;0;3;12.5837;41.8917;-1;2;Autovettura privata;In marcia / fermata / arresto;Conducente;M;Illeso;0;;Non accertato;Inesploso
4985597;7;09/07/2020 20:40:00;Strada Urbana;VIA RAIMONDO TARGETTI;in prossimit�;;del civico n.;10;;Scontro laterale fra veicoli in marcia;Rettilineo;Una carreggiata a doppio senso;Asciutto;Asfaltata;Orizzontale;Sereno;Normale;Sufficiente;;0;0;0;3;12.5837;41.8917;-1;2;Autovettura privata;In marcia / fermata / arresto;Passeggero;M;Illeso;0;;Non accertato;Inesploso
4985630;2;09/07/2020 16:30:00;Strada Urbana;VIA ANTONIO BERTOLONI;in corrispondenza;;del civico n.;3;;Veicolo in marcia contro ostacolo fisso;Rettilineo;Una carreggiata a doppio senso;Asciutto;Con buche;Verticale ed orizzontale;Sereno;Normale;Buona;;1;0;0;0;12.4896;41.9226;-1;1;Motociclo a solo;In marcia / fermata / arresto;Conducente;M;Rimandato;0;NON DECEDUTO;Non accertato;
4985632;2;09/07/2020 16:25:00;Strada Urbana;VIALE LIEGI;all'intersezione semaforizzata con;PIAZZA UNGHERIA;PIAZZA UNGHERIA;;;Scontro laterale fra veicoli in marcia;Intersezione semaforizzata;Una carreggiata a doppio senso;Asciutto;Asfaltata;Verticale ed orizzontale;Sereno;Normale;Buona;;0;0;0;2;12.4925;41.9226;-1;1;Autovettura privata;In marcia / fermata / arresto;Conducente;M;Illeso;0;;Non accertato;Inesploso
4985632;2;09/07/2020 16:25:00;Strada Urbana;VIALE LIEGI;all'intersezione semaforizzata con;PIAZZA UNGHERIA;PIAZZA UNGHERIA;;;Scontro laterale fra veicoli in marcia;Intersezione semaforizzata;Una carreggiata a doppio senso;Asciutto;Asfaltata;Verticale ed orizzontale;Sereno;Normale;Buona;;0;0;0;2;12.4925;41.9226;-1;2;Motociclo a solo;In marcia / fermata / arresto;Conducente;M;Illeso;0;;Non accertato;
4985636;2;09/07/2020 12:25:00;Strada Urbana;VIA DEI GIORDANI;all'intersezione con;VIA DI TRASONE;VIA DI TRASONE;;;Scontro frontale/laterale DX fra veicoli in marcia;Incrocio;Una carreggiata a senso unico di marcia;Asciutto;Asfaltata;Verticale ed orizzontale;Sereno;Normale;Buona;;0;0;0;2;12.5105;41.9286;-1;1;Autovettura privata;In marcia / fermata / arresto;Conducente;M;Illeso;0;;Non accertato;
4985636;2;09/07/2020 12:25:00;Strada Urbana;VIA DEI GIORDANI;all'intersezione con;VIA DI TRASONE;VIA DI TRASONE;;;Scontro frontale/laterale DX fra veicoli in marcia;Incrocio;Una carreggiata a senso unico di marcia;Asciutto;Asfaltata;Verticale ed orizzontale;Sereno;Normale;Buona;;0;0;0;2;12.5105;41.9286;-1;2;Autovettura privata;In marcia / fermata / arresto;Conducente;M;Illeso;0;;Non accertato;
4985637;2;10/07/2020 00:25:00;Strada Urbana;VIA ANTONIO GRAMSCI;da specificare;;;;fr civ. 37;Veicolo in marcia contro veicoli in sosta;Rettilineo;Una carreggiata a senso unico di marcia;Asciutto;Asfaltata;Verticale ed orizzontale;Sereno;Normale;Buona;;0;0;0;1;12.4787;41.9199;-1;1;Quadriciclo leggero;Sosta;;;;;;;
4985637;2;10/07/2020 00:25:00;Strada Urbana;VIA ANTONIO GRAMSCI;da specificare;;;;fr civ. 37;Veicolo in marcia contro veicoli in sosta;Rettilineo;Una carreggiata a senso unico di marcia;Asciutto;Asfaltata;Verticale ed orizzontale;Sereno;Normale;Buona;;0;0;0;1;12.4787;41.9199;-1;2;Motociclo a solo;Sosta;;;;;;;
4985637;2;10/07/2020 00:25:00;Strada Urbana;VIA ANTONIO GRAMSCI;da specificare;;;;fr civ. 37;Veicolo in marcia contro veicoli in sosta;Rettilineo;Una carreggiata a senso unico di marcia;Asciutto;Asfaltata;Verticale ed orizzontale;Sereno;Normale;Buona;;0;0;0;1;12.4787;41.9199;-1;3;Autovettura privata;In marcia / fermata / arresto;Conducente;F;Illeso;0;;;
4985642;2;09/07/2020 09:00:00;Strada Urbana;VIALE REGINA MARGHERITA;all'intersezione semaforizzata con;VIA OMBRONE;VIA OMBRONE;;;Investimento di pedone;Incrocio;Una carreggiata a doppio senso;Asciutto;Asfaltata;Verticale ed orizzontale;Sereno;Normale;Buona;;1;0;0;1;12.5018;41.917;-1;;;;Pedone;F;Rimandato;0;NON DECEDUTO;;
4985642;2;09/07/2020 09:00:00;Strada Urbana;VIALE REGINA MARGHERITA;all'intersezione semaforizzata con;VIA OMBRONE;VIA OMBRONE;;;Investimento di pedone;Incrocio;Una carreggiata a doppio senso;Asciutto;Asfaltata;Verticale ed orizzontale;Sereno;Normale;Buona;;1;0;0;1;12.5018;41.917;-1;1;Autocarro inferiore 35 q.;In marcia / fermata / arresto;Conducente;M;Illeso;0;;;
4985647;2;09/07/2020 11:00:00;Strada Urbana;PIAZZA AMBA ALAGI;all'intersezione con;VIA SCIRE';VIA SCIRE';;;Veicolo in marcia contro veicolo fermo;Incrocio;Una carreggiata a senso unico di marcia;Asciutto;Asfaltata;Verticale ed orizzontale;Sereno;Normale;Buona;;0;0;0;2;12.5242;41.9299;-1;1;Autocarro superiore 35 q.;In marcia / fermata / arresto;Conducente;M;Illeso;0;;;
4985647;2;09/07/2020 11:00:00;Strada Urbana;PIAZZA AMBA ALAGI;all'intersezione con;VIA SCIRE';VIA SCIRE';;;Veicolo in marcia contro veicolo fermo;Incrocio;Una carreggiata a senso unico di marcia;Asciutto;Asfaltata;Verticale ed orizzontale;Sereno;Normale;Buona;;0;0;0;2;12.5242;41.9299;-1;2;Autovettura privata;In marcia / fermata / arresto;Conducente;M;Illeso;0;;;
4985742;18;09/07/2020 06:30:00;Strada Urbana;VIA DI BOCCEA;in corrispondenza;;del civico n.;613;;Veicolo in marcia contro ostacolo accidentale;Rettilineo;Due carreggiate;Asciutto;Asfaltata;Verticale ed orizzontale;Sereno;Normale;Buona;;0;0;0;1;12.377;41.9192;-1;1;Autovettura privata;In marcia / fermata / arresto;Conducente;M;Illeso;0;;;
4985764;7;10/07/2020 02:40:00;Strada Urbana;VIALE DELLA PRIMAVERA;in corrispondenza;;del civico n.;67;;Scontro laterale fra veicoli in marcia;Rettilineo;Una carreggiata a doppio senso;Asciutto;Asfaltata;Assente;Sereno;Scarso;Buona;;0;0;0;6;12.5612;41.8845;-1;1;Autovettura privata;In marcia / fermata / arresto;Conducente;F;Illeso;0;;Non accertato;Inesploso
4985764;7;10/07/2020 02:40:00;Strada Urbana;VIALE DELLA PRIMAVERA;in corrispondenza;;del civico n.;67;;Scontro laterale fra veicoli in marcia;Rettilineo;Una carreggiata a doppio senso;Asciutto;Asfaltata;Assente;Sereno;Scarso;Buona;;0;0;0;6;12.5612;41.8845;-1;2;Autovettura privata;In marcia / fermata / arresto;Conducente;F;Illeso;0;;Non accertato;Inesploso
4985764;7;10/07/2020 02:40:00;Strada Urbana;VIALE DELLA PRIMAVERA;in corrispondenza;;del civico n.;67;;Scontro laterale fra veicoli in marcia;Rettilineo;Una carreggiata a doppio senso;Asciutto;Asfaltata;Assente;Sereno;Scarso;Buona;;0;0;0;6;12.5612;41.8845;-1;2;Autovettura privata;In marcia / fermata / arresto;Passeggero;M;Illeso;0;;Non accertato;Inesploso
4985764;7;10/07/2020 02:40:00;Strada Urbana;VIALE DELLA PRIMAVERA;in corrispondenza;;del civico n.;67;;Scontro laterale fra veicoli in marcia;Rettilineo;Una carreggiata a doppio senso;Asciutto;Asfaltata;Assente;Sereno;Scarso;Buona;;0;0;0;6;12.5612;41.8845;-1;3;Autovettura privata;In marcia / fermata / arresto;Conducente;M;Illeso;0;;Non accertato;Inesploso
4985764;7;10/07/2020 02:40:00;Strada Urbana;VIALE DELLA PRIMAVERA;in corrispondenza;;del civico n.;67;;Scontro laterale fra veicoli in marcia;Rettilineo;Una carreggiata a doppio senso;Asciutto;Asfaltata;Assente;Sereno;Scarso;Buona;;0;0;0;6;12.5612;41.8845;-1;3;Autovettura privata;In marcia / fermata / arresto;Passeggero;M;Illeso;0;;Non accertato;Inesploso
4985775;18;09/07/2020 09:00:00;Strada Urbana;VIA NAZARETH;in corrispondenza;;del civico n.;447;;Tamponamento;Curva a visuale libera;Una carreggiata a doppio senso;Asciutto;Asfaltata;Verticale ed orizzontale;Sereno;Normale;Buona;;0;0;0;4;12.3976;41.9;-1;1;Autocarro inferiore 35 q.;In marcia / fermata / arresto;Conducente;M;Illeso;0;;;
4985775;18;09/07/2020 09:00:00;Strada Urbana;VIA NAZARETH;in corrispondenza;;del civico n.;447;;Tamponamento;Curva a visuale libera;Una carreggiata a doppio senso;Asciutto;Asfaltata;Verticale ed orizzontale;Sereno;Normale;Buona;;0;0;0;4;12.3976;41.9;-1;2;Autovettura privata;In marcia / fermata / arresto;Conducente;F;Illeso;0;;;
4985775;18;09/07/2020 09:00:00;Strada Urbana;VIA NAZARETH;in corrispondenza;;del civico n.;447;;Tamponamento;Curva a visuale libera;Una carreggiata a doppio senso;Asciutto;Asfaltata;Verticale ed orizzontale;Sereno;Normale;Buona;;0;0;0;4;12.3976;41.9;-1;2;Autovettura privata;In marcia / fermata / arresto;Passeggero;M;Illeso;0;;;
4985775;18;09/07/2020 09:00:00;Strada Urbana;VIA NAZARETH;in corrispondenza;;del civico n.;447;;Tamponamento;Curva a visuale libera;Una carreggiata a doppio senso;Asciutto;Asfaltata;Verticale ed orizzontale;Sereno;Normale;Buona;;0;0;0;4;12.3976;41.9;-1;2;Autovettura privata;In marcia / fermata / arresto;Passeggero;F;Illeso;0;;;
4985823;12;10/07/2020 13:30:00;Strada Urbana;VIA DELLE COMETE;in corrispondenza;;del palo luce n.;90;;Scontro laterale fra veicoli in marcia;Rettilineo;Una carreggiata a doppio senso;Asciutto;Asfaltata;Verticale ed orizzontale;Sereno;Scarso;Buona;;0;0;0;4;12.4529;41.8104;-1;1;Autovettura privata;In marcia / fermata / arresto;Conducente;M;Illeso;0;;Utilizzato;Inesploso
4985823;12;10/07/2020 13:30:00;Strada Urbana;VIA DELLE COMETE;in corrispondenza;;del palo luce n.;90;;Scontro laterale fra veicoli in marcia;Rettilineo;Una carreggiata a doppio senso;Asciutto;Asfaltata;Verticale ed orizzontale;Sereno;Scarso;Buona;;0;0;0;4;12.4529;41.8104;-1;1;Autovettura privata;In marcia / fermata / arresto;Passeggero;F;Illeso;0;;Utilizzato;
4985823;12;10/07/2020 13:30:00;Strada Urbana;VIA DELLE COMETE;in corrispondenza;;del palo luce n.;90;;Scontro laterale fra veicoli in marcia;Rettilineo;Una carreggiata a doppio senso;Asciutto;Asfaltata;Verticale ed orizzontale;Sereno;Scarso;Buona;;0;0;0;4;12.4529;41.8104;-1;2;Autovettura privata;In marcia / fermata / arresto;Conducente;M;Illeso;0;;;
4985823;12;10/07/2020 13:30:00;Strada Urbana;VIA DELLE COMETE;in corrispondenza;;del palo luce n.;90;;Scontro laterale fra veicoli in marcia;Rettilineo;Una carreggiata a doppio senso;Asciutto;Asfaltata;Verticale ed orizzontale;Sereno;Scarso;Buona;;0;0;0;4;12.4529;41.8104;-1;2;Autovettura privata;In marcia / fermata / arresto;Passeggero;F;Illeso;0;;Utilizzato;Inesploso