Protocollo;Gruppo;DataOraIncidente;Localizzazione1;STRADA1;Localizzazione2;STRADA2;Strada02;Chilometrica;DaSpecificare;NaturaIncidente;particolaritastrade;TipoStrada;FondoStradale;Pavimentazione;Segnaletica;CondizioneAtmosferica;Traffico;Visibilita;Illuminazione;NUM_FERITI;NUM_RISERVATA;NUM_MORTI;NUM_ILLESI;Longitudine;Latitudine;Confermato;Progressivo;TipoVeicolo;StatoVeicolo;TipoPersona;Sesso;Tipolesione;Deceduto;DecedutoDopo;CinturaCascoUtilizzato;Airbag;
4987929;7;10/07/2020 11:15:00;Strada Urbana;VIA DEI PLATANI;in prossimit�;;del civico n.;35e;;Scontro frontale/laterale SX fra veicoli in marcia;Rettilineo;Una carreggiata a doppio senso;Asciutto;Asfaltata;Orizzontale;Sereno;Normale;Sufficiente;;0;0;0;4;12.5639;41.8813;0;2;Motociclo a solo;In marcia / fermata / arresto;Conducente;M;Illeso;0;;Non accertato;
4987929;7;10/07/2020 11:15:00;Strada Urbana;VIA DEI PLATANI;in prossimit�;;del civico n.;35e;;Scontro frontale/laterale SX fra veicoli in marcia;Rettilineo;Una carreggiata a doppio senso;Asciutto;Asfaltata;Orizzontale;Sereno;Normale;Sufficiente;;0;0;0;4;12.5639;41.8813;0;3;Autovettura privata;Allontanatosi;;;;;;;
4987930;8;12/07/2020 10:40:00;Strada Urbana;VIA DEL PONTE DI NONA;da specificare;;;;alt. palo Acea n. 35 direz.Collatina pross.civ.81;Tamponamento;Rettilineo;Una carreggiata a doppio senso;Asciutto;Asfaltata;Verticale;Sereno;Normale;Buona;;1;0;0;5;12.661;41.8998;-1;1;Autovettura privata;In marcia / fermata / arresto;Conducente;M;Illeso;0;;Non accertato;Inesploso
4987930;8;12/07/2020 10:40:00;Strada Urbana;VIA DEL PONTE DI NONA;da specificare;;;;alt. palo Acea n. 35 direz.Collatina pross.civ.81;Tamponamento;Rettilineo;Una carreggiata a doppio senso;Asciutto;Asfaltata;Verticale;Sereno;Normale;Buona;;1;0;0;5;12.661;41.8998;-1;1;Autovettura privata;In marcia / fermata / arresto;Passeggero;M;Illeso;0;;Non accertato;Inesploso
4987930;8;12/07/2020 10:40:00;Strada Urbana;VIA DEL PONTE DI NONA;da specificare;;;;alt. palo Acea n. 35 direz.Collatina pross.civ.81;Tamponamento;Rettilineo;Una carreggiata a doppio senso;Asciutto;Asfaltata;Verticale;Sereno;Normale;Buona;;1;0;0;5;12.661;41.8998;-1;1;Autovettura privata;In marcia / fermata / arresto;Passeggero;M;Illeso;0;;Non accertato;Inesploso
4987930;8;12/07/2020 10:40:00;Strada Urbana;VIA DEL PONTE DI NONA;da specificare;;;;alt. palo Acea n. 35 direz.Collatina pross.civ.81;Tamponamento;Rettilineo;Una carreggiata a doppio senso;Asciutto;Asfaltata;Verticale;Sereno;Normale;Buona;;1;0;0;5;12.661;41.8998;-1;2;Autovettura privata;In marcia / fermata / arresto;Conducente;M;Illeso;0;;Non accertato;Esploso
4987930;8;12/07/2020 10:40:00;Strada Urbana;VIA DEL PONTE DI NONA;da specificare;;;;alt. palo Acea n. 35 direz.Collatina pross.civ.81;Tamponamento;Rettilineo;Una carreggiata a doppio senso;Asciutto;Asfaltata;Verticale;Sereno;Normale;Buona;;1;0;0;5;12.661;41.8998;-1;2;Autovettura privata;In marcia / fermata / arresto;Passeggero;F;Illeso;0;;Non accertato;Esploso
4987930;8;12/07/2020 10:40:00;Strada Urbana;VIA DEL PONTE DI NONA;da specificare;;;;alt. palo Acea n. 35 direz.Collatina pross.civ.81;Tamponamento;Rettilineo;Una carreggiata a doppio senso;Asciutto;Asfaltata;Verticale;Sereno;Normale;Buona;;1;0;0;5;12.661;41.8998;-1;2;Autovettura privata;In marcia / fermata / arresto;Passeggero;F;Rifiuta cure immediate;0;NON DECEDUTO;Non accertato;Inesploso
4987935;9;11/07/2020 19:15:00;Strada Urbana;VIA APPIA NUOVA;in corrispondenza;;del civico n.;602;;Scontro laterale fra veicoli in marcia;Rettilineo;Pi� di due carreggiate;Asciutto;Asfaltata;Assente;Sereno;Normale;Buona;;0;0;0;4;12.5291;41.8693;-1;1;Autovettura privata;In marcia / fermata / arresto;Conducente;F;Illeso;0;;Utilizzato;Inesploso
4987935;9;11/07/2020 19:15:00;Strada Urbana;VIA APPIA NUOVA;in corrispondenza;;del civico n.;602;;Scontro laterale fra veicoli in marcia;Rettilineo;Pi� di due carreggiate;Asciutto;Asfaltata;Assente;Sereno;Normale;Buona;;0;0;0;4;12.5291;41.8693;-1;1;Autovettura privata;In marcia / fermata / arresto;Passeggero;F;Illeso;0;;Non accertato;Inesploso
4987935;9;11/07/2020 19:15:00;Strada Urbana;VIA APPIA NUOVA;in corrispondenza;;del civico n.;602;;Scontro laterale fra veicoli in marcia;Rettilineo;Pi� di due carreggiate;Asciutto;Asfaltata;Assente;Sereno;Normale;Buona;;0;0;0;4;12.5291;41.8693;-1;2;Ciclomotore con passeggero;In marcia / fermata / arresto;Conducente;M;Illeso;0;;Non accertato;
4987935;9;11/07/2020 19:15:00;Strada Urbana;VIA APPIA NUOVA;in corrispondenza;;del civico n.;602;;Scontro laterale fra veicoli in marcia;Rettilineo;Pi� di due carreggiate;Asciutto;Asfaltata;Assente;Sereno;Normale;Buona;;0;0;0;4;12.5291;41.8693;-1;2;Ciclomotore con passeggero;In marcia / fermata / arresto;Passeggero;M;Illeso;0;;Non accertato;
4987937;1;11/07/2020 13:00:00;Strada Urbana;VIA MARMORATA;all'intersezione con;VIA CAIO CESTIO;VIA CAIO CESTIO;;;Scontro frontale/laterale DX fra veicoli in marcia;Intersezione stradale segnalata;Una carreggiata a doppio senso;Asciutto;Asfaltata;Verticale ed orizzontale;Sereno;Normale;Buona;;1;0;0;2;12.4805;41.8772;-1;1;Autovettura privata;In marcia / fermata / arresto;Conducente;M;Illeso;0;;Non accertato;Inesploso
4987937;1;11/07/2020 13:00:00;Strada Urbana;VIA MARMORATA;all'intersezione con;VIA CAIO CESTIO;VIA CAIO CESTIO;;;Scontro frontale/laterale DX fra veicoli in marcia;Intersezione stradale segnalata;Una carreggiata a doppio senso;Asciutto;Asfaltata;Verticale ed orizzontale;Sereno;Normale;Buona;;1;0;0;2;12.4805;41.8772;-1;1;Autovettura privata;In marcia / fermata / arresto;Passeggero;F;Illeso;0;;Non accertato;Inesploso
4987937;1;11/07/2020 13:00:00;Strada Urbana;VIA MARMORATA;all'intersezione con;VIA CAIO CESTIO;VIA CAIO CESTIO;;;Scontro frontale/laterale DX fra veicoli in marcia;Intersezione stradale segnalata;Una carreggiata a doppio senso;Asciutto;Asfaltata;Verticale ed orizzontale;Sereno;Normale;Buona;;1;0;0;2;12.4805;41.8772;-1;2;Motociclo a solo;In marcia / fermata / arresto;Conducente;M;Rimandato;0;NON DECEDUTO;Non accertato;
4987945;11;12/07/2020 18:45:00;Strada Urbana;VIA PADRE SEMERIA;in corrispondenza;;del civico n.;29;;Scontro laterale fra veicoli in marcia;Rettilineo;Una carreggiata a senso unico di marcia;Asciutto;Asfaltata;Verticale ed orizzontale;Sereno;Normale;Buona;;0;0;0;3;12.4952;41.8658;-1;1;Autovettura privata;In marcia / fermata / arresto;Conducente;F;Illeso;0;;;
4987945;11;12/07/2020 18:45:00;Strada Urbana;VIA PADRE SEMERIA;in corrispondenza;;del civico n.;29;;Scontro laterale fra veicoli in marcia;Rettilineo;Una carreggiata a senso unico di marcia;Asciutto;Asfaltata;Verticale ed orizzontale;Sereno;Normale;Buona;;0;0;0;3;12.4952;41.8658;-1;1;Autovettura privata;In marcia / fermata / arresto;Passeggero;M;Illeso;0;;;
4987945;11;12/07/2020 18:45:00;Strada Urbana;VIA PADRE SEMERIA;in corrispondenza;;del civico n.;29;;Scontro laterale fra veicoli in marcia;Rettilineo;Una carreggiata a senso unico di marcia;Asciutto;Asfaltata;Verticale ed orizzontale;Sereno;Normale;Buona;;0;0;0;3;12.4952;41.8658;-1;2;Autovettura privata;In marcia / fermata / arresto;Conducente;M;Illeso;0;;;
4987947;11;11/07/2020 14:30:00;Strada Urbana;VIA LAODICEA;in prossimit�;;del civico n.;12;;Scontro frontale fra veicoli in marcia;Rettilineo;Una carreggiata a senso unico di marcia;Asciutto;Asfaltata;Verticale ed orizzontale;Sereno;Scarso;Buona;;0;0;0;2;12.4753;41.855;-1;1;Autovettura privata;In marcia / fermata / arresto;Conducente;M;Illeso;0;;Non accertato;Inesploso
4987947;11;11/07/2020 14:30:00;Strada Urbana;VIA LAODICEA;in prossimit�;;del civico n.;12;;Scontro frontale fra veicoli in marcia;Rettilineo;Una carreggiata a senso unico di marcia;Asciutto;Asfaltata;Verticale ed orizzontale;Sereno;Scarso;Buona;;0;0;0;2;12.4753;41.855;-1;2;Autovettura privata;In marcia / fermata / arresto;Conducente;M;Illeso;0;;Non accertato;
4987952;19;10/07/2020 09:15:00;Strada Urbana;VIA DI CASAL DEL MARMO;all'intersezione con;LARGO CODOGNO;LARGO CODOGNO;;;Scontro frontale/laterale DX fra veicoli in marcia;Incrocio;Una carreggiata a doppio senso;Asciutto;Asfaltata;Verticale ed orizzontale;Sereno;Normale;Buona;;0;0;0;5;12.3925;41.9476;-1;1;Autovettura privata;In marcia / fermata / arresto;Conducente;F;Illeso;0;;Non accertato;Inesploso
4987952;19;10/07/2020 09:15:00;Strada Urbana;VIA DI CASAL DEL MARMO;all'intersezione con;LARGO CODOGNO;LARGO CODOGNO;;;Scontro frontale/laterale DX fra veicoli in marcia;Incrocio;Una carreggiata a doppio senso;Asciutto;Asfaltata;Verticale ed orizzontale;Sereno;Normale;Buona;;0;0;0;5;12.3925;41.9476;-1;1;Autovettura privata;In marcia / fermata / arresto;Passeggero;M;Illeso;0;;;
4987952;19;10/07/2020 09:15:00;Strada Urbana;VIA DI CASAL DEL MARMO;all'intersezione con;LARGO CODOGNO;LARGO CODOGNO;;;Scontro frontale/laterale DX fra veicoli in marcia;Incrocio;Una carreggiata a doppio senso;Asciutto;Asfaltata;Verticale ed orizzontale;Sereno;Normale;Buona;;0;0;0;5;12.3925;41.9476;-1;1;Autovettura privata;In marcia / fermata / arresto;Passeggero;F;Illeso;0;;Non accertato;Inesploso
4987952;19;10/07/2020 09:15:00;Strada Urbana;VIA DI CASAL DEL MARMO;all'intersezione con;LARGO CODOGNO;LARGO CODOGNO;;;Scontro frontale/laterale DX fra veicoli in marcia;Incrocio;Una carreggiata a doppio senso;Asciutto;Asfaltata;Verticale ed orizzontale;Sereno;Normale;Buona;;0;0;0;5;12.3925;41.9476;-1;1;Autovettura privata;In marcia / fermata / arresto;Passeggero;F;Illeso;0;;Non accertato;Inesploso
4987952;19;10/07/2020 09:15:00;Strada Urbana;VIA DI CASAL DEL MARMO;all'intersezione con;LARGO CODOGNO;LARGO CODOGNO;;;Scontro frontale/laterale DX fra veicoli in marcia;Incrocio;Una carreggiata a doppio senso;Asciutto;Asfaltata;Verticale ed orizzontale;Sereno;Normale;Buona;;0;0;0;5;12.3925;41.9476;-1;2;Autovettura privata;In marcia / fermata / arresto;Conducente;F;Illeso;0;;Non accertato;Inesploso
4987953;20;13/07/2020 00:30:00;Strada Urbana;PIAZZALE DI PONTE MILVIO;da specificare;;;;in prossimit� di viale Tor di Quinto;Veicolo in marcia contro ostacolo fisso;Rettilineo;Due carreggiate;Asciutto;Asfaltata;Verticale ed orizzontale;Sereno;Normale;Sufficiente;;0;0;0;3;12.4664;41.9373;-1;1;Autovettura privata;In marcia / fermata / arresto;Conducente;M;Illeso;0;;Non accertato;Inesploso
4987953;20;13/07/2020 00:30:00;Strada Urbana;PIAZZALE DI PONTE MILVIO;da specificare;;;;in prossimit� di viale Tor di Quinto;Veicolo in marcia contro ostacolo fisso;Rettilineo;Due carreggiate;Asciutto;Asfaltata;Verticale ed orizzontale;Sereno;Normale;Sufficiente;;0;0;0;3;12.4664;41.9373;-1;1;Autovettura privata;In marcia / fermata / arresto;Passeggero;F;Illeso;0;;Non accertato;Inesploso
4987953;20;13/07/2020 00:30:00;Strada Urbana;PIAZZALE DI PONTE MILVIO;da specificare;;;;in prossimit� di viale Tor di Quinto;Veicolo in marcia contro ostacolo fisso;Rettilineo;Due carreggiate;Asciutto;Asfaltata;Verticale ed orizzontale;Sereno;Normale;Sufficiente;;0;0;0;3;12.4664;41.9373;-1;1;Autovettura privata;In marcia / fermata / arresto;Passeggero;F;Illeso;0;;Non accertato;Inesploso
4987959;20;12/07/2020 12:10:00;Strada Urbana;VIA LUIGI BODIO;in corrispondenza;;del civico n.;10;;Investimento di pedone;Rettilineo;Una carreggiata a senso unico di marcia;Asciutto;Asfaltata;Orizzontale;Sereno;Scarso;Buona;;1;0;0;1;12.4681;41.9451;-1;;;;Pedone;M;Rimandato;0;NON DECEDUTO;;
4987959;20;12/07/2020 12:10:00;Strada Urbana;VIA LUIGI BODIO;in corrispondenza;;del civico n.;10;;Investimento di pedone;Rettilineo;Una carreggiata a senso unico di marcia;Asciutto;Asfaltata;Orizzontale;Sereno;Scarso;Buona;;1;0;0;1;12.4681;41.9451;-1;1;Autovettura privata;In marcia / fermata / arresto;Conducente;M;Illeso;0;;Non accertato;
4987960;9;13/07/2020 01:30:00;Strada Urbana;PIAZZA QUINTO CURZIO;all'intersezione con;VIA STATILIO OTTATO;VIA STATILIO OTTATO;;;Scontro frontale/laterale DX fra veicoli in marcia;Incrocio;Pi� di due carreggiate;Asciutto;Asfaltata;Verticale ed orizzontale;Sereno;Scarso;Buona;;1;0;0;2;12.5687;41.856;-1;1;Autovettura privata;In marcia / fermata / arresto;Conducente;M;Illeso;0;;Non accertato;Inesploso
4987960;9;13/07/2020 01:30:00;Strada Urbana;PIAZZA QUINTO CURZIO;all'intersezione con;VIA STATILIO OTTATO;VIA STATILIO OTTATO;;;Scontro frontale/laterale DX fra veicoli in marcia;Incrocio;Pi� di due carreggiate;Asciutto;Asfaltata;Verticale ed orizzontale;Sereno;Scarso;Buona;;1;0;0;2;12.5687;41.856;-1;2;Autovettura privata;In marcia / fermata / arresto;Conducente;M;Rimandato;0;NON DECEDUTO;;
4987960;9;13/07/2020 01:30:00;Strada Urbana;PIAZZA QUINTO CURZIO;all'intersezione con;VIA STATILIO OTTATO;VIA STATILIO OTTATO;;;Scontro frontale/laterale DX fra veicoli in marcia;Incrocio;Pi� di due carreggiate;Asciutto;Asfaltata;Verticale ed orizzontale;Sereno;Scarso;Buona;;1;0;0;2;12.5687;41.856;-1;2;Autovettura privata;In marcia / fermata / arresto;Passeggero;F;Illeso;0;;Non accertato;Inesploso
4987962;10;11/07/2020 19:45:00;Strada Urbana;VIALE MARCO FULVIO NOBILIORE;all'intersezione con;VIALE DEI SALESIANI;VIALE DEI SALESIANI;;;Scontro frontale/laterale DX fra veicoli in marcia;Incrocio;Due carreggiate;Asciutto;Asfaltata;Verticale ed orizzontale;Sereno;Normale;Buona;;0;0;0;2;12.5647;41.8587;-1;1;Autovettura privata;In marcia / fermata / arresto;Conducente;M;Illeso;0;;Non accertato;Inesploso
4987962;10;11/07/2020 19:45:00;Strada Urbana;VIALE MARCO FULVIO NOBILIORE;all'intersezione con;VIALE DEI SALESIANI;VIALE DEI SALESIANI;;;Scontro frontale/laterale DX fra veicoli in marcia;Incrocio;Due carreggiate;Asciutto;Asfaltata;Verticale ed orizzontale;Sereno;Normale;Buona;;0;0;0;2;12.5647;41.8587;-1;2;Motociclo a solo;In marcia / fermata / arresto;Conducente;M;Illeso;0;;Non accertato;
4987966;12;12/07/2020 22:30:00;Provinciale;VIA DI PRATICA;in prossimit�;;della chilometrica;0.5;;Fuoriuscita dalla sede stradale;Rettilineo;Una carreggiata a doppio senso;Asciutto;Asfaltata;Verticale ed orizzontale;Sereno;Normale;Insufficiente;;0;0;0;2;12.4452;41.6892;-1;1;Autovettura privata;In marcia / fermata / arresto;Conducente;M;Illeso;0;;Non accertato;Esploso
4987966;12;12/07/2020 22:30:00;Provinciale;VIA DI PRATICA;in prossimit�;;della chilometrica;0.5;;Fuoriuscita dalla sede stradale;Rettilineo;Una carreggiata a doppio senso;Asciutto;Asfaltata;Verticale ed orizzontale;Sereno;Normale;Insufficiente;;0;0;0;2;12.4452;41.6892;-1;2;Autovettura privata;In marcia / fermata / arresto;Conducente;F;Illeso;0;;;
4987972;19;10/07/2020 14:30:00;Strada Urbana;VIA DELLA PINETA SACCHETTI;da specificare;;;;altezza Via Lardaria;Scontro laterale fra veicoli in marcia;Rettilineo;Due carreggiate;Asciutto;Asfaltata;Verticale ed orizzontale;Sereno;Normale;Buona;;0;0;0;1;12.425;41.924;-1;1;Autovettura privata;In marcia / fermata / arresto;Conducente;M;Illeso;0;;Non accertato;Inesploso
4987972;19;10/07/2020 14:30:00;Strada Urbana;VIA DELLA PINETA SACCHETTI;da specificare;;;;altezza Via Lardaria;Scontro laterale fra veicoli in marcia;Rettilineo;Due carreggiate;Asciutto;Asfaltata;Verticale ed orizzontale;Sereno;Normale;Buona;;0;0;0;1;12.425;41.924;-1;2;Autovettura privata;Allontanatosi;;;;;;;
4987976;13;11/07/2020 00:05:00;Strada Urbana;VIA DELL'AQUILONE;da specificare;;;;altezza "FILCAM";Veicolo in marcia contro ostacolo accidentale;Rettilineo;Una carreggiata a senso unico di marcia;Asciutto;Asfaltata;Assente;Sereno;Scarso;Sufficiente;;0;0;0;1;;;0;1;Autovettura privata;In marcia / fermata / arresto;Conducente;M;Illeso;0;;Non accertato;Inesploso
4987978;10;11/07/2020 21:35:00;Statale entro l'abitato;VIA APPIA NUOVA;in prossimit�;;del civico n.;1240;;Investimento di pedone;Rettilineo;Pi� di due carreggiate;Asciutto;Asfaltata;Verticale ed orizzontale;Sereno;Normale;Insufficiente;;1;0;0;1;12.564;41.8229;-1;;;;Pedone;F;Rimandato;0;NON DECEDUTO;;
4987978;10;11/07/2020 21:35:00;Statale entro l'abitato;VIA APPIA NUOVA;in prossimit�;;del civico n.;1240;;Investimento di pedone;Rettilineo;Pi� di due carreggiate;Asciutto;Asfaltata;Verticale ed orizzontale;Sereno;Normale;Insufficiente;;1;0;0;1;12.564;41.8229;-1;1;Autovettura privata;In marcia / fermata / arresto;Conducente;M;Illeso;0;;Non accertato;Inesploso
4987982;1;12/07/2020 10:20:00;Strada Urbana;LUNGOMARE AMERIGO VESPUCCI;in prossimit�;;del palo luce n.;1;;Scontro frontale/laterale SX fra veicoli in marcia;Rettilineo;Una carreggiata a senso unico di marcia;Asciutto;Asfaltata;Verticale ed orizzontale;Sereno;Intenso;Buona;;2;0;0;1;12.334;41.7072;-1;1;Motociclo con passeggero;In marcia / fermata / arresto;Conducente;M;Rimandato;0;NON DECEDUTO;;
4987982;1;12/07/2020 10:20:00;Strada Urbana;LUNGOMARE AMERIGO VESPUCCI;in prossimit�;;del palo luce n.;1;;Scontro frontale/laterale SX fra veicoli in marcia;Rettilineo;Una carreggiata a senso unico di marcia;Asciutto;Asfaltata;Verticale ed orizzontale;Sereno;Intenso;Buona;;2;0;0;1;12.334;41.7072;-1;1;Motociclo con passeggero;In marcia / fermata / arresto;Passeggero;F;Rimandato;0;NON DECEDUTO;;
4987982;1;12/07/2020 10:20:00;Strada Urbana;LUNGOMARE AMERIGO VESPUCCI;in prossimit�;;del palo luce n.;1;;Scontro frontale/laterale SX fra veicoli in marcia;Rettilineo;Una carreggiata a senso unico di marcia;Asciutto;Asfaltata;Verticale ed orizzontale;Sereno;Intenso;Buona;;2;0;0;1;12.334;41.7072;-1;2;Autovettura privata;In marcia / fermata / arresto;Conducente;M;Illeso;0;;;
4987983;5;12/07/2020 11:00:00;Strada Urbana;VIA TIBURTINA;in corrispondenza;;del civico n.;1460;;Scontro laterale fra veicoli in marcia;Rettilineo;Due carreggiate;Asciutto;Asfaltata;Orizzontale;Sereno;Normale;Buona;;1;0;0;2;12.6306;41.9399;-1;1;Motociclo a solo;In marcia / fermata / arresto;Conducente;M;Rimandato;0;NON DECEDUTO;Non accertato;
4987983;5;12/07/2020 11:00:00;Strada Urbana;VIA TIBURTINA;in corrispondenza;;del civico n.;1460;;Scontro laterale fra veicoli in marcia;Rettilineo;Due carreggiate;Asciutto;Asfaltata;Orizzontale;Sereno;Normale;Buona;;1;0;0;2;12.6306;41.9399;-1;2;Autovettura privata;In marcia / fermata / arresto;Conducente;M;Illeso;0;;Non accertato;Inesploso
4987983;5;12/07/2020 11:00:00;Strada Urbana;VIA TIBURTINA;in corrispondenza;;del civico n.;1460;;Scontro laterale fra veicoli in marcia;Rettilineo;Due carreggiate;Asciutto;Asfaltata;Orizzontale;Sereno;Normale;Buona;;1;0;0;2;12.6306;41.9399;-1;2;Autovettura privata;In marcia / fermata / arresto;Passeggero;F;Illeso;0;;Non accertato;Inesploso
4987987;19;10/07/2020 15:00:00;Strada Urbana;VIA BERNARDO BARBIELLINI AMIDEI;in prossimit�;;del civico n.;43;;Investimento di pedone;Rettilineo;Una carreggiata a doppio senso;Asciutto;Asfaltata;Orizzontale;Sereno;Scarso;Buona;;1;0;0;1;12.4264;41.9244;-1;;;;Pedone;F;Rimandato;0;NON DECEDUTO;;
4987987;19;10/07/2020 15:00:00;Strada Urbana;VIA BERNARDO BARBIELLINI AMIDEI;in prossimit�;;del civico n.;43;;Investimento di pedone;Rettilineo;Una carreggiata a doppio senso;Asciutto;Asfaltata;Orizzontale;Sereno;Scarso;Buona;;1;0;0;1;12.4264;41.9244;-1;1;Autovettura privata;In marcia / fermata / arresto;Conducente;M;Illeso;0;;;
4987989;7;11/07/2020 15:00:00;Strada Urbana;VIA DEGLI OLEANDRI;all'intersezione con;VIA DEI FIORI;VIA DEI FIORI;;;Scontro frontale/laterale SX fra veicoli in marcia;Incrocio;Una carreggiata a senso unico di marcia;Asciutto;Asfaltata;Verticale ed orizzontale;Sereno;Normale;Buona;;0;0;0;3;12.5779;41.8752;-1;1;Autovettura privata;In marcia / fermata / arresto;Conducente;M;Illeso;0;;Non accertato;Inesploso
4987989;7;11/07/2020 15:00:00;Strada Urbana;VIA DEGLI OLEANDRI;all'intersezione con;VIA DEI FIORI;VIA DEI FIORI;;;Scontro frontale/laterale SX fra veicoli in marcia;Incrocio;Una carreggiata a senso unico di marcia;Asciutto;Asfaltata;Verticale ed orizzontale;Sereno;Normale;Buona;;0;0;0;3;12.5779;41.8752;-1;2;Autovettura privata;In marcia / fermata / arresto;Conducente;M;Illeso;0;;Non accertato;Inesploso
4987989;7;11/07/2020 15:00:00;Strada Urbana;VIA DEGLI OLEANDRI;all'intersezione con;VIA DEI FIORI;VIA DEI FIORI;;;Scontro frontale/laterale SX fra veicoli in marcia;Incrocio;Una carreggiata a senso unico di marcia;Asciutto;Asfaltata;Verticale ed orizzontale;Sereno;Normale;Buona;;0;0;0;3;12.5779;41.8752;-1;2;Autovettura privata;In marcia / fermata / arresto;Passeggero;M;Illeso;0;;Non accertato;Inesploso
4987989;7;11/07/2020 15:00:00;Strada Urbana;VIA DEGLI OLEANDRI;all'intersezione con;VIA DEI FIORI;VIA DEI FIORI;;;Scontro frontale/laterale SX fra veicoli in marcia;Incrocio;Una carreggiata a senso unico di marcia;Asciutto;Asfaltata;Verticale ed orizzontale;Sereno;Normale;Buona;;0;0;0;3;12.5779;41.8752;-1;3;Autovettura privata;Sosta;;;;;;;
4987998;19;12/07/2020 00:10:00;Strada Urbana;VIA DI CASAL DEL MARMO;in prossimit�;;del civico n.;177;;Scontro frontale/laterale DX fra veicoli in marcia;Rettilineo;Una carreggiata a doppio senso;Asciutto;Asfaltata;Verticale;Sereno;Normale;Buona;;3;0;0;2;12.4054;41.9594;-1;1;Autovettura privata;In marcia / fermata / arresto;Conducente;M;Illeso;0;;;
4987998;19;12/07/2020 00:10:00;Strada Urbana;VIA DI CASAL DEL MARMO;in prossimit�;;del civico n.;177;;Scontro frontale/laterale DX fra veicoli in marcia;Rettilineo;Una carreggiata a doppio senso;Asciutto;Asfaltata;Verticale;Sereno;Normale;Buona;;3;0;0;2;12.4054;41.9594;-1;1;Autovettura privata;In marcia / fermata / arresto;Passeggero;F;Illeso;0;;;
4987998;19;12/07/2020 00:10:00;Strada Urbana;VIA DI CASAL DEL MARMO;in prossimit�;;del civico n.;177;;Scontro frontale/laterale DX fra veicoli in marcia;Rettilineo;Una carreggiata a doppio senso;Asciutto;Asfaltata;Verticale;Sereno;Normale;Buona;;3;0;0;2;12.4054;41.9594;-1;2;Motociclo a solo;In marcia / fermata / arresto;Conducente;M;Rimandato;0;NON DECEDUTO;;
4987998;19;12/07/2020 00:10:00;Strada Urbana;VIA DI CASAL DEL MARMO;in prossimit�;;del civico n.;177;;Scontro frontale/laterale DX fra veicoli in marcia;Rettilineo;Una carreggiata a doppio senso;Asciutto;Asfaltata;Verticale;Sereno;Normale;Buona;;3;0;0;2;12.4054;41.9594;-1;3;Motociclo con passeggero;In marcia / fermata / arresto;Conducente;M;Rimandato;0;NON DECEDUTO;;
4987998;19;12/07/2020 00:10:00;Strada Urbana;VIA DI CASAL DEL MARMO;in prossimit�;;del civico n.;177;;Scontro frontale/laterale DX fra veicoli in marcia;Rettilineo;Una carreggiata a doppio senso;Asciutto;Asfaltata;Verticale;Sereno;Normale;Buona;;3;0;0;2;12.4054;41.9594;-1;3;Motociclo con passeggero;In marcia / fermata / arresto;Passeggero;M;Rimandato;0;NON DECEDUTO;;
4988007;19;10/07/2020 16:40:00;Strada Urbana;VIA DI SELVA NERA;all'intersezione con;VIA GIULIO CESARE GRAZIANI;VIA GIULIO CESARE GRAZIANI;;;Scontro frontale/laterale SX fra veicoli in marcia;Incrocio;Una carreggiata a doppio senso;Asciutto;Asfaltata;Verticale;Sereno;Scarso;Buona;;1;0;0;3;12.3648;41.9349;-1;1;Autovettura privata;In marcia / fermata / arresto;Conducente;F;Illeso;0;;;
4988007;19;10/07/2020 16:40:00;Strada Urbana;VIA DI SELVA NERA;all'intersezione con;VIA GIULIO CESARE GRAZIANI;VIA GIULIO CESARE GRAZIANI;;;Scontro frontale/laterale SX fra veicoli in marcia;Incrocio;Una carreggiata a doppio senso;Asciutto;Asfaltata;Verticale;Sereno;Scarso;Buona;;1;0;0;3;12.3648;41.9349;-1;2;Autovettura privata;In marcia / fermata / arresto;Conducente;F;Rimandato;0;NON DECEDUTO;;
4988007;19;10/07/2020 16:40:00;Strada Urbana;VIA DI SELVA NERA;all'intersezione con;VIA GIULIO CESARE GRAZIANI;VIA GIULIO CESARE GRAZIANI;;;Scontro frontale/laterale SX fra veicoli in marcia;Incrocio;Una carreggiata a doppio senso;Asciutto;Asfaltata;Verticale;Sereno;Scarso;Buona;;1;0;0;3;12.3648;41.9349;-1;2;Autovettura privata;In marcia / fermata / arresto;Passeggero;M;Illeso;0;;;
4988007;19;10/07/2020 16:40:00;Strada Urbana;VIA DI SELVA NERA;all'intersezione con;VIA GIULIO CESARE GRAZIANI;VIA GIULIO CESARE GRAZIANI;;;Scontro frontale/laterale SX fra veicoli in marcia;Incrocio;Una carreggiata a doppio senso;Asciutto;Asfaltata;Verticale;Sereno;Scarso;Buona;;1;0;0;3;12.3648;41.9349;-1;2;Autovettura privata;In marcia / fermata / arresto;Passeggero;F;Illeso;0;;;
4988008;10;12/07/2020 01:45:00;Strada Urbana;VIA LUCIO SESTIO;all'intersezione con;VIA MARCO VALERIO CORVO;VIA MARCO VALERIO CORVO;;;Scontro frontale fra veicoli in marcia;Incrocio;Una carreggiata a senso unico di marcia;Asciutto;Asfaltata;Verticale;Sereno;Scarso;Buona;;0;0;0;5;12.5562;41.8588;-1;1;Autovettura privata;In marcia / fermata / arresto;Conducente;M;Illeso;0;;Non accertato;Esploso