Protocollo;Gruppo;DataOraIncidente;Localizzazione1;STRADA1;Localizzazione2;STRADA2;Strada02;Chilometrica;DaSpecificare;NaturaIncidente;particolaritastrade;TipoStrada;FondoStradale;Pavimentazione;Segnaletica;CondizioneAtmosferica;Traffico;Visibilita;Illuminazione;NUM_FERITI;NUM_RISERVATA;NUM_MORTI;NUM_ILLESI;Longitudine;Latitudine;Confermato;Progressivo;TipoVeicolo;StatoVeicolo;TipoPersona;Sesso;Tipolesione;Deceduto;DecedutoDopo;CinturaCascoUtilizzato;Airbag;
4992431;5;15/07/2020 23:30:00;Strada Urbana;LARGO CAMESENA;all'intersezione con;VIA CAMESENA;VIA CAMESENA;;;Scontro frontale/laterale DX fra veicoli in marcia;Incrocio;Una carreggiata a senso unico di marcia;Asciutto;Asfaltata;Verticale ed orizzontale;Sereno;Scarso;Sufficiente;;0;0;0;2;12.5348;41.9091;-1;2;Autovettura privata;In marcia / fermata / arresto;Conducente;M;Illeso;0;;Non accertato;Inesploso
4992434;18;15/07/2020 19:50:00;Statale entro l'abitato;VIA AURELIA;in corrispondenza;;della chilometrica;11.3;;Scontro laterale fra veicoli in marcia;Rettilineo;Due carreggiate;Asciutto;Asfaltata;Verticale ed orizzontale;Sereno;Normale;Buona;;1;0;0;0;12.3736;41.8862;-1;1;Autovettura privata;Allontanatosi;;;;;;;
4992434;18;15/07/2020 19:50:00;Statale entro l'abitato;VIA AURELIA;in corrispondenza;;della chilometrica;11.3;;Scontro laterale fra veicoli in marcia;Rettilineo;Due carreggiate;Asciutto;Asfaltata;Verticale ed orizzontale;Sereno;Normale;Buona;;1;0;0;0;12.3736;41.8862;-1;2;Motociclo a solo;In marcia / fermata / arresto;Conducente;M;Rimandato;0;NON DECEDUTO;;
4992445;4;15/07/2020 13:00:00;Strada Urbana;VIA DELLE VIGNE NUOVE;in corrispondenza;;del civico n.;88;;Veicolo in marcia contro ostacolo fisso;Rettilineo;Una carreggiata a doppio senso;Asciutto;Asfaltata;Assente;Sereno;Normale;Buona;;2;0;0;2;12.5372;41.9479;-1;;;;Pedone;F;Rimandato;0;NON DECEDUTO;;
4992445;4;15/07/2020 13:00:00;Strada Urbana;VIA DELLE VIGNE NUOVE;in corrispondenza;;del civico n.;88;;Veicolo in marcia contro ostacolo fisso;Rettilineo;Una carreggiata a doppio senso;Asciutto;Asfaltata;Assente;Sereno;Normale;Buona;;2;0;0;2;12.5372;41.9479;-1;;;;Pedone;F;Rimandato;0;NON DECEDUTO;;
4992445;4;15/07/2020 13:00:00;Strada Urbana;VIA DELLE VIGNE NUOVE;in corrispondenza;;del civico n.;88;;Veicolo in marcia contro ostacolo fisso;Rettilineo;Una carreggiata a doppio senso;Asciutto;Asfaltata;Assente;Sereno;Normale;Buona;;2;0;0;2;12.5372;41.9479;-1;1;Autovettura privata;In marcia / fermata / arresto;Conducente;M;Illeso;0;;;
4992445;4;15/07/2020 13:00:00;Strada Urbana;VIA DELLE VIGNE NUOVE;in corrispondenza;;del civico n.;88;;Veicolo in marcia contro ostacolo fisso;Rettilineo;Una carreggiata a doppio senso;Asciutto;Asfaltata;Assente;Sereno;Normale;Buona;;2;0;0;2;12.5372;41.9479;-1;1;Autovettura privata;In marcia / fermata / arresto;Passeggero;F;Illeso;0;;;
4992451;7;15/07/2020 12:20:00;Strada Urbana;VIALE ALESSANDRINO;in corrispondenza;;del civico n.;377;;Veicolo in marcia contro ostacolo fisso;Rettilineo;Una carreggiata a doppio senso;Asciutto;Asfaltata;Assente;Sereno;Normale;Buona;;0;0;0;2;12.5782;41.8781;-1;1;Autovettura privata;In marcia / fermata / arresto;Conducente;F;Illeso;0;;Non accertato;Inesploso
4992451;7;15/07/2020 12:20:00;Strada Urbana;VIALE ALESSANDRINO;in corrispondenza;;del civico n.;377;;Veicolo in marcia contro ostacolo fisso;Rettilineo;Una carreggiata a doppio senso;Asciutto;Asfaltata;Assente;Sereno;Normale;Buona;;0;0;0;2;12.5782;41.8781;-1;1;Autovettura privata;In marcia / fermata / arresto;Passeggero;F;Illeso;0;;Non accertato;Inesploso
4992462;6;15/07/2020 15:15:00;Strada Urbana;VIA DEL PIGNETO;all'intersezione con;VIA PAUSANIA;VIA PAUSANIA;;;Scontro frontale/laterale SX fra veicoli in marcia;Incrocio;Una carreggiata a doppio senso;Asciutto;Asfaltata;Verticale ed orizzontale;Sereno;Normale;Buona;;1;0;0;2;12.5348;41.887;-1;1;Autovettura privata;In marcia / fermata / arresto;Conducente;F;Illeso;0;;;
4992462;6;15/07/2020 15:15:00;Strada Urbana;VIA DEL PIGNETO;all'intersezione con;VIA PAUSANIA;VIA PAUSANIA;;;Scontro frontale/laterale SX fra veicoli in marcia;Incrocio;Una carreggiata a doppio senso;Asciutto;Asfaltata;Verticale ed orizzontale;Sereno;Normale;Buona;;1;0;0;2;12.5348;41.887;-1;1;Autovettura privata;In marcia / fermata / arresto;Passeggero;F;Illeso;0;;;Inesploso
4992462;6;15/07/2020 15:15:00;Strada Urbana;VIA DEL PIGNETO;all'intersezione con;VIA PAUSANIA;VIA PAUSANIA;;;Scontro frontale/laterale SX fra veicoli in marcia;Incrocio;Una carreggiata a doppio senso;Asciutto;Asfaltata;Verticale ed orizzontale;Sereno;Normale;Buona;;1;0;0;2;12.5348;41.887;-1;2;Motociclo a solo;In marcia / fermata / arresto;Conducente;F;Rifiuta cure immediate;0;NON DECEDUTO;;
4992464;1;14/07/2020 12:25:00;Strada Urbana;PIAZZALE NUMA POMPILIO;all'intersezione semaforizzata con;VIALE DELLE TERME DI CARACALLA;VIALE DELLE TERME DI CARACALLA;;;Scontro laterale fra veicoli in marcia;Intersezione semaforizzata;Una carreggiata a senso unico di marcia;Asciutto;Asfaltata;Verticale ed orizzontale;Sereno;Normale;Buona;;1;0;0;1;12.4958;41.8797;-1;1;Motociclo a solo;In marcia / fermata / arresto;Conducente;M;Illeso;0;;Non accertato;
4992464;1;14/07/2020 12:25:00;Strada Urbana;PIAZZALE NUMA POMPILIO;all'intersezione semaforizzata con;VIALE DELLE TERME DI CARACALLA;VIALE DELLE TERME DI CARACALLA;;;Scontro laterale fra veicoli in marcia;Intersezione semaforizzata;Una carreggiata a senso unico di marcia;Asciutto;Asfaltata;Verticale ed orizzontale;Sereno;Normale;Buona;;1;0;0;1;12.4958;41.8797;-1;2;Motociclo a solo;In marcia / fermata / arresto;Conducente;M;Rifiuta cure immediate;0;NON DECEDUTO;Non accertato;
4992473;10;16/07/2020 08:25:00;Strada Urbana;VIA TUSCOLANA;all'intersezione semaforizzata con;VIALE PALMIRO TOGLIATTI;VIALE PALMIRO TOGLIATTI;;;Tamponamento;Intersezione semaforizzata;Due carreggiate;Asciutto;Asfaltata;Verticale ed orizzontale;Sereno;Normale;Buona;;0;0;0;2;12.57;41.8525;-1;1;Autovettura privata;In marcia / fermata / arresto;Conducente;F;Illeso;0;;Non accertato;Inesploso
4992473;10;16/07/2020 08:25:00;Strada Urbana;VIA TUSCOLANA;all'intersezione semaforizzata con;VIALE PALMIRO TOGLIATTI;VIALE PALMIRO TOGLIATTI;;;Tamponamento;Intersezione semaforizzata;Due carreggiate;Asciutto;Asfaltata;Verticale ed orizzontale;Sereno;Normale;Buona;;0;0;0;2;12.57;41.8525;-1;2;Autovettura privata;In marcia / fermata / arresto;Conducente;M;Illeso;0;;Non accertato;Inesploso
4992481;7;15/07/2020 16:40:00;Strada Urbana;VIA DEI PLATANI;all'intersezione con;VIALE DELLA PRIMAVERA;VIALE DELLA PRIMAVERA;;;Tamponamento;Incrocio;Una carreggiata a doppio senso;Asciutto;Asfaltata;Verticale ed orizzontale;Sereno;Normale;Sufficiente;;0;0;0;3;12.5608;41.8815;-1;1;Autovettura privata;In marcia / fermata / arresto;Conducente;M;Illeso;0;;Non accertato;Inesploso
4992481;7;15/07/2020 16:40:00;Strada Urbana;VIA DEI PLATANI;all'intersezione con;VIALE DELLA PRIMAVERA;VIALE DELLA PRIMAVERA;;;Tamponamento;Incrocio;Una carreggiata a doppio senso;Asciutto;Asfaltata;Verticale ed orizzontale;Sereno;Normale;Sufficiente;;0;0;0;3;12.5608;41.8815;-1;2;Autovettura privata;In marcia / fermata / arresto;Conducente;F;Illeso;0;;Non accertato;Inesploso
4992481;7;15/07/2020 16:40:00;Strada Urbana;VIA DEI PLATANI;all'intersezione con;VIALE DELLA PRIMAVERA;VIALE DELLA PRIMAVERA;;;Tamponamento;Incrocio;Una carreggiata a doppio senso;Asciutto;Asfaltata;Verticale ed orizzontale;Sereno;Normale;Sufficiente;;0;0;0;3;12.5608;41.8815;-1;2;Autovettura privata;In marcia / fermata / arresto;Passeggero;M;Illeso;0;;Non accertato;Inesploso
4992486;1;13/07/2020 10:35:00;Strada Urbana;SOTTOPASSO TURBIGO;da specificare;;;;...;Scontro laterale fra veicoli in marcia;Rettilineo;Una carreggiata a senso unico di marcia;Asciutto;Asfaltata;Verticale ed orizzontale;Sereno;Normale;Buona;;2;0;0;1;12.5062;41.8985;-1;1;Autovettura privata;In marcia / fermata / arresto;Conducente;M;Illeso;0;;Non accertato;Inesploso
4992486;1;13/07/2020 10:35:00;Strada Urbana;SOTTOPASSO TURBIGO;da specificare;;;;...;Scontro laterale fra veicoli in marcia;Rettilineo;Una carreggiata a senso unico di marcia;Asciutto;Asfaltata;Verticale ed orizzontale;Sereno;Normale;Buona;;2;0;0;1;12.5062;41.8985;-1;2;Velocipede;In marcia / fermata / arresto;Conducente;M;Rimandato;0;NON DECEDUTO;Esente;
4992486;1;13/07/2020 10:35:00;Strada Urbana;SOTTOPASSO TURBIGO;da specificare;;;;...;Scontro laterale fra veicoli in marcia;Rettilineo;Una carreggiata a senso unico di marcia;Asciutto;Asfaltata;Verticale ed orizzontale;Sereno;Normale;Buona;;2;0;0;1;12.5062;41.8985;-1;2;Velocipede;In marcia / fermata / arresto;Passeggero;M;Rimandato;0;NON DECEDUTO;Esente;
4992498;12;15/07/2020 12:30:00;Strada Urbana;VIALE CRISTOFORO COLOMBO;da specificare;;;;prossimit� v.le Umanesimo;Tamponamento Multiplo;Rettilineo;Una carreggiata a senso unico di marcia;Asciutto;Asfaltata;Verticale ed orizzontale;Sereno;Normale;Buona;;0;0;0;3;12.4673;41.8234;-1;1;Autovettura privata;In marcia / fermata / arresto;Conducente;F;Illeso;0;;;Inesploso
4992498;12;15/07/2020 12:30:00;Strada Urbana;VIALE CRISTOFORO COLOMBO;da specificare;;;;prossimit� v.le Umanesimo;Tamponamento Multiplo;Rettilineo;Una carreggiata a senso unico di marcia;Asciutto;Asfaltata;Verticale ed orizzontale;Sereno;Normale;Buona;;0;0;0;3;12.4673;41.8234;-1;2;Autocarro inferiore 35 q.;In marcia / fermata / arresto;Conducente;M;Illeso;0;;;
4992498;12;15/07/2020 12:30:00;Strada Urbana;VIALE CRISTOFORO COLOMBO;da specificare;;;;prossimit� v.le Umanesimo;Tamponamento Multiplo;Rettilineo;Una carreggiata a senso unico di marcia;Asciutto;Asfaltata;Verticale ed orizzontale;Sereno;Normale;Buona;;0;0;0;3;12.4673;41.8234;-1;3;Autovettura privata;In marcia / fermata / arresto;Conducente;F;Illeso;0;;;
4992506;12;16/07/2020 00:41:00;Strada Urbana;VIALE UGO MONACO;in prossimit�;;del civico n.;33;;Scontro laterale fra veicoli in marcia;Rettilineo;Due carreggiate;Asciutto;Asfaltata;Verticale ed orizzontale;Sereno;Scarso;Buona;;0;0;0;2;12.4918;41.7923;-1;1;Autovettura privata;In marcia / fermata / arresto;Conducente;M;Illeso;0;;Non accertato;Inesploso
4992506;12;16/07/2020 00:41:00;Strada Urbana;VIALE UGO MONACO;in prossimit�;;del civico n.;33;;Scontro laterale fra veicoli in marcia;Rettilineo;Due carreggiate;Asciutto;Asfaltata;Verticale ed orizzontale;Sereno;Scarso;Buona;;0;0;0;2;12.4918;41.7923;-1;2;Autovettura privata;In marcia / fermata / arresto;Conducente;F;Illeso;0;;Non accertato;Inesploso
4992506;12;16/07/2020 00:41:00;Strada Urbana;VIALE UGO MONACO;in prossimit�;;del civico n.;33;;Scontro laterale fra veicoli in marcia;Rettilineo;Due carreggiate;Asciutto;Asfaltata;Verticale ed orizzontale;Sereno;Scarso;Buona;;0;0;0;2;12.4918;41.7923;-1;3;Autovettura privata;Sosta;;;;;;;
4992506;12;16/07/2020 00:41:00;Strada Urbana;VIALE UGO MONACO;in prossimit�;;del civico n.;33;;Scontro laterale fra veicoli in marcia;Rettilineo;Due carreggiate;Asciutto;Asfaltata;Verticale ed orizzontale;Sereno;Scarso;Buona;;0;0;0;2;12.4918;41.7923;-1;4;Autovettura privata;Sosta;;;;;;;
4992515;7;15/07/2020 16:45:00;Strada Urbana;VIA COLLATINA;in corrispondenza;;del civico n.;289;;Scontro frontale/laterale DX fra veicoli in marcia;Rettilineo;Una carreggiata a doppio senso;Asciutto;Asfaltata;Assente;Sereno;Normale;Buona;;0;0;0;4;12.5924;41.9043;-1;1;Autovettura privata;In marcia / fermata / arresto;Conducente;F;Illeso;0;;Non accertato;Inesploso
4992515;7;15/07/2020 16:45:00;Strada Urbana;VIA COLLATINA;in corrispondenza;;del civico n.;289;;Scontro frontale/laterale DX fra veicoli in marcia;Rettilineo;Una carreggiata a doppio senso;Asciutto;Asfaltata;Assente;Sereno;Normale;Buona;;0;0;0;4;12.5924;41.9043;-1;1;Autovettura privata;In marcia / fermata / arresto;Passeggero;F;Illeso;0;;Non accertato;Inesploso
4992515;7;15/07/2020 16:45:00;Strada Urbana;VIA COLLATINA;in corrispondenza;;del civico n.;289;;Scontro frontale/laterale DX fra veicoli in marcia;Rettilineo;Una carreggiata a doppio senso;Asciutto;Asfaltata;Assente;Sereno;Normale;Buona;;0;0;0;4;12.5924;41.9043;-1;2;Autovettura privata;In marcia / fermata / arresto;Conducente;F;Illeso;0;;Non accertato;Inesploso
4992515;7;15/07/2020 16:45:00;Strada Urbana;VIA COLLATINA;in corrispondenza;;del civico n.;289;;Scontro frontale/laterale DX fra veicoli in marcia;Rettilineo;Una carreggiata a doppio senso;Asciutto;Asfaltata;Assente;Sereno;Normale;Buona;;0;0;0;4;12.5924;41.9043;-1;2;Autovettura privata;In marcia / fermata / arresto;Passeggero;M;Illeso;0;;Non accertato;Inesploso
4992527;3;14/07/2020 19:59:00;Strada Urbana;VIA FOGLIANO;in prossimit�;;del civico n.;37/C;;Veicolo in marcia contro veicolo in sosta;Rettilineo;Una carreggiata a senso unico di marcia;Asciutto;Asfaltata;Verticale ed orizzontale;Sereno;Normale;Buona;;0;0;0;1;12.5086;41.9281;-1;1;Autovettura privata;In marcia / fermata / arresto;Conducente;M;Illeso;0;;Non accertato;Inesploso
4992527;3;14/07/2020 19:59:00;Strada Urbana;VIA FOGLIANO;in prossimit�;;del civico n.;37/C;;Veicolo in marcia contro veicolo in sosta;Rettilineo;Una carreggiata a senso unico di marcia;Asciutto;Asfaltata;Verticale ed orizzontale;Sereno;Normale;Buona;;0;0;0;1;12.5086;41.9281;-1;2;Autovettura privata;Sosta;;;;;;;
4992527;3;14/07/2020 19:59:00;Strada Urbana;VIA FOGLIANO;in prossimit�;;del civico n.;37/C;;Veicolo in marcia contro veicolo in sosta;Rettilineo;Una carreggiata a senso unico di marcia;Asciutto;Asfaltata;Verticale ed orizzontale;Sereno;Normale;Buona;;0;0;0;1;12.5086;41.9281;-1;3;Autovettura privata;Sosta;;;;;;;
4992555;3;15/07/2020 01:30:00;Strada Urbana;VIA GIOVANNI BATTISTA MORGAGNI;in corrispondenza;;del civico n.;2;;Veicolo in marcia contro veicoli in sosta;Rettilineo;Una carreggiata a doppio senso;Asciutto;Asfaltata;Verticale ed orizzontale;Sereno;Normale;Buona;;0;0;0;0;12.5088;41.9093;-1;1;Autovettura privata;Sosta;;;;;;;
4992555;3;15/07/2020 01:30:00;Strada Urbana;VIA GIOVANNI BATTISTA MORGAGNI;in corrispondenza;;del civico n.;2;;Veicolo in marcia contro veicoli in sosta;Rettilineo;Una carreggiata a doppio senso;Asciutto;Asfaltata;Verticale ed orizzontale;Sereno;Normale;Buona;;0;0;0;0;12.5088;41.9093;-1;2;Autovettura privata;Sosta;;;;;;;
4992555;3;15/07/2020 01:30:00;Strada Urbana;VIA GIOVANNI BATTISTA MORGAGNI;in corrispondenza;;del civico n.;2;;Veicolo in marcia contro veicoli in sosta;Rettilineo;Una carreggiata a doppio senso;Asciutto;Asfaltata;Verticale ed orizzontale;Sereno;Normale;Buona;;0;0;0;0;12.5088;41.9093;-1;3;Autovettura privata;Allontanatosi;;;;;;;
4992567;18;16/07/2020 09:55:00;Strada Urbana;VIA DEL QUARTACCIO;da specificare;;;;prossimit� civ. 54;Scontro laterale fra veicoli in marcia;Curva a visuale libera;Una carreggiata a doppio senso;Asciutto;Asfaltata;Verticale ed orizzontale;Sereno;Normale;Buona;;0;0;0;3;12.3955;41.919;-1;1;Autovettura privata;In marcia / fermata / arresto;Conducente;F;Illeso;0;;Non accertato;Inesploso
4992567;18;16/07/2020 09:55:00;Strada Urbana;VIA DEL QUARTACCIO;da specificare;;;;prossimit� civ. 54;Scontro laterale fra veicoli in marcia;Curva a visuale libera;Una carreggiata a doppio senso;Asciutto;Asfaltata;Verticale ed orizzontale;Sereno;Normale;Buona;;0;0;0;3;12.3955;41.919;-1;1;Autovettura privata;In marcia / fermata / arresto;Passeggero;F;Illeso;0;;Non accertato;Inesploso
4992567;18;16/07/2020 09:55:00;Strada Urbana;VIA DEL QUARTACCIO;da specificare;;;;prossimit� civ. 54;Scontro laterale fra veicoli in marcia;Curva a visuale libera;Una carreggiata a doppio senso;Asciutto;Asfaltata;Verticale ed orizzontale;Sereno;Normale;Buona;;0;0;0;3;12.3955;41.919;-1;2;Autovettura privata;In marcia / fermata / arresto;Conducente;M;Illeso;0;;Non accertato;Inesploso
4992572;18;15/07/2020 09:45:00;Strada Urbana;CIRCONVALLAZIONE CORNELIA;all'intersezione con;VIA GIAMBATTISTA PAGANO;VIA GIAMBATTISTA PAGANO;;;Scontro laterale fra veicoli in marcia;Intersezione non regolata/non segnalata;Due carreggiate;Asciutto;Asfaltata;Verticale ed orizzontale;Sereno;Normale;Buona;;1;0;0;2;12.4259;41.9014;-1;1;Autovettura privata;In marcia / fermata / arresto;Conducente;M;Illeso;0;;Non accertato;Inesploso
4992572;18;15/07/2020 09:45:00;Strada Urbana;CIRCONVALLAZIONE CORNELIA;all'intersezione con;VIA GIAMBATTISTA PAGANO;VIA GIAMBATTISTA PAGANO;;;Scontro laterale fra veicoli in marcia;Intersezione non regolata/non segnalata;Due carreggiate;Asciutto;Asfaltata;Verticale ed orizzontale;Sereno;Normale;Buona;;1;0;0;2;12.4259;41.9014;-1;1;Autovettura privata;In marcia / fermata / arresto;Passeggero;M;Illeso;0;;Non accertato;Inesploso
4992572;18;15/07/2020 09:45:00;Strada Urbana;CIRCONVALLAZIONE CORNELIA;all'intersezione con;VIA GIAMBATTISTA PAGANO;VIA GIAMBATTISTA PAGANO;;;Scontro laterale fra veicoli in marcia;Intersezione non regolata/non segnalata;Due carreggiate;Asciutto;Asfaltata;Verticale ed orizzontale;Sereno;Normale;Buona;;1;0;0;2;12.4259;41.9014;-1;2;Motociclo a solo;In marcia / fermata / arresto;Conducente;M;Rimandato;0;NON DECEDUTO;;
4992581;7;15/07/2020 20:00:00;Strada Urbana;VIA APPIA NUOVA;in corrispondenza;;del civico n.;520;;Tamponamento;Rettilineo;Due carreggiate;Asciutto;Asfaltata;Verticale ed orizzontale;Sereno;Normale;Buona;;1;0;0;1;12.5245;41.8732;-1;1;Motociclo con passeggero;In marcia / fermata / arresto;Conducente;F;Rimandato;0;NON DECEDUTO;Non accertato;
4992581;7;15/07/2020 20:00:00;Strada Urbana;VIA APPIA NUOVA;in corrispondenza;;del civico n.;520;;Tamponamento;Rettilineo;Due carreggiate;Asciutto;Asfaltata;Verticale ed orizzontale;Sereno;Normale;Buona;;1;0;0;1;12.5245;41.8732;-1;2;Autovettura privata;In marcia / fermata / arresto;Conducente;M;Illeso;0;;Non accertato;Inesploso
4992593;18;15/07/2020 10:20:00;Strada Urbana;VIA CORNELIA;in corrispondenza;;del civico n.;128;;Scontro laterale fra veicoli in marcia;Rettilineo;Una carreggiata a doppio senso;Asciutto;Asfaltata;Verticale ed orizzontale;Sereno;Normale;Buona;;1;0;0;2;12.3912;41.9036;-1;1;Autovettura privata;In marcia / fermata / arresto;Conducente;M;Illeso;0;;Non accertato;Inesploso
4992593;18;15/07/2020 10:20:00;Strada Urbana;VIA CORNELIA;in corrispondenza;;del civico n.;128;;Scontro laterale fra veicoli in marcia;Rettilineo;Una carreggiata a doppio senso;Asciutto;Asfaltata;Verticale ed orizzontale;Sereno;Normale;Buona;;1;0;0;2;12.3912;41.9036;-1;1;Autovettura privata;In marcia / fermata / arresto;Passeggero;M;Illeso;0;;Non accertato;Inesploso
4992593;18;15/07/2020 10:20:00;Strada Urbana;VIA CORNELIA;in corrispondenza;;del civico n.;128;;Scontro laterale fra veicoli in marcia;Rettilineo;Una carreggiata a doppio senso;Asciutto;Asfaltata;Verticale ed orizzontale;Sereno;Normale;Buona;;1;0;0;2;12.3912;41.9036;-1;2;Motociclo a solo;In marcia / fermata / arresto;Conducente;M;Rimandato;0;NON DECEDUTO;;
4992595;1;16/07/2020 07:10:00;Strada Urbana;VIA QUATTRO NOVEMBRE;in prossimit�;;del civico n.;157;;Scontro laterale fra veicoli in marcia;Rotatoria;Una carreggiata a senso unico di marcia;Asciutto;In cubetti di porfido;Orizzontale;Sereno;Normale;Buona;;0;0;0;3;12.4865;41.8964;-1;1;Autobus di linea;In marcia / fermata / arresto;Conducente;M;Illeso;0;;Non accertato;Inesploso
4992595;1;16/07/2020 07:10:00;Strada Urbana;VIA QUATTRO NOVEMBRE;in prossimit�;;del civico n.;157;;Scontro laterale fra veicoli in marcia;Rotatoria;Una carreggiata a senso unico di marcia;Asciutto;In cubetti di porfido;Orizzontale;Sereno;Normale;Buona;;0;0;0;3;12.4865;41.8964;-1;2;Autovettura di polizia;In marcia / fermata / arresto;Conducente;M;Illeso;0;;Non accertato;Inesploso
4992595;1;16/07/2020 07:10:00;Strada Urbana;VIA QUATTRO NOVEMBRE;in prossimit�;;del civico n.;157;;Scontro laterale fra veicoli in marcia;Rotatoria;Una carreggiata a senso unico di marcia;Asciutto;In cubetti di porfido;Orizzontale;Sereno;Normale;Buona;;0;0;0;3;12.4865;41.8964;-1;2;Autovettura di polizia;In marcia / fermata / arresto;Passeggero;M;Illeso;0;;Non accertato;Inesploso
4992601;1;15/07/2020 23:52:00;Strada Urbana;VIA DEL COLOSSEO;in prossimit�;;del civico n.;29;;Scontro frontale/laterale SX fra veicoli in marcia;Rettilineo;Una carreggiata a doppio senso;Asciutto;In cubetti di porfido;Verticale ed orizzontale;Sereno;Scarso;Buona;;0;0;0;2;12.4908;41.8917;-1;1;Autovettura privata;In marcia / fermata / arresto;Conducente;M;Illeso;0;;Non accertato;Inesploso
4992601;1;15/07/2020 23:52:00;Strada Urbana;VIA DEL COLOSSEO;in prossimit�;;del civico n.;29;;Scontro frontale/laterale SX fra veicoli in marcia;Rettilineo;Una carreggiata a doppio senso;Asciutto;In cubetti di porfido;Verticale ed orizzontale;Sereno;Scarso;Buona;;0;0;0;2;12.4908;41.8917;-1;2;Autovettura privata;In marcia / fermata / arresto;Conducente;M;Illeso;0;;Non accertato;Inesploso
4992601;1;15/07/2020 23:52:00;Strada Urbana;VIA DEL COLOSSEO;in prossimit�;;del civico n.;29;;Scontro frontale/laterale SX fra veicoli in marcia;Rettilineo;Una carreggiata a doppio senso;Asciutto;In cubetti di porfido;Verticale ed orizzontale;Sereno;Scarso;Buona;;0;0;0;2;12.4908;41.8917;-1;3;Autovettura privata;Sosta;;;;;;;
4992610;18;15/07/2020 19:15:00;Strada Urbana;VIA BALDO DEGLI UBALDI;in corrispondenza;;del civico n.;232;;Scontro laterale fra veicoli in marcia;Rettilineo;Due carreggiate;Asciutto;Asfaltata;Verticale ed orizzontale;Sereno;Normale;Buona;;1;0;0;3;12.4373;41.9003;-1;1;Autovettura privata;In marcia / fermata / arresto;Conducente;M;Illeso;0;;Non accertato;Inesploso
4992610;18;15/07/2020 19:15:00;Strada Urbana;VIA BALDO DEGLI UBALDI;in corrispondenza;;del civico n.;232;;Scontro laterale fra veicoli in marcia;Rettilineo;Due carreggiate;Asciutto;Asfaltata;Verticale ed orizzontale;Sereno;Normale;Buona;;1;0;0;3;12.4373;41.9003;-1;1;Autovettura privata;In marcia / fermata / arresto;Passeggero;F;Illeso;0;;Non accertato;Inesploso
4992610;18;15/07/2020 19:15:00;Strada Urbana;VIA BALDO DEGLI UBALDI;in corrispondenza;;del civico n.;232;;Scontro laterale fra veicoli in marcia;Rettilineo;Due carreggiate;Asciutto;Asfaltata;Verticale ed orizzontale;Sereno;Normale;Buona;;1;0;0;3;12.4373;41.9003;-1;1;Autovettura privata;In marcia / fermata / arresto;Passeggero;M;Illeso;0;;Non accertato;Inesploso
4992610;18;15/07/2020 19:15:00;Strada Urbana;VIA BALDO DEGLI UBALDI;in corrispondenza;;del civico n.;232;;Scontro laterale fra veicoli in marcia;Rettilineo;Due carreggiate;Asciutto;Asfaltata;Verticale ed orizzontale;Sereno;Normale;Buona;;1;0;0;3;12.4373;41.9003;-1;2;Motociclo a solo;In marcia / fermata / arresto;Conducente;M;Rimandato;0;NON DECEDUTO;Non accertato;
4992645;17;15/07/2020 21:00:00;Strada Urbana;LUNGOTEVERE GUGLIELMO OBERDAN;da specificare;;;;IN PROSSIMITA' DI PIAZZA MONTEGRAPPA;Investimento di pedone;Rettilineo;Una carreggiata a doppio senso;Asciutto;Asfaltata;Verticale ed orizzontale;Sereno;Normale;Insufficiente;;1;1;0;1;12.4695;41.9193;-1;;;;Pedone;F;Prognosi riservata;0;NON DECEDUTO;;
4992645;17;15/07/2020 21:00:00;Strada Urbana;LUNGOTEVERE GUGLIELMO OBERDAN;da specificare;;;;IN PROSSIMITA' DI PIAZZA MONTEGRAPPA;Investimento di pedone;Rettilineo;Una carreggiata a doppio senso;Asciutto;Asfaltata;Verticale ed orizzontale;Sereno;Normale;Insufficiente;;1;1;0;1;12.4695;41.9193;-1;;;;Pedone;F;Rimandato;0;NON DECEDUTO;;
4992645;17;15/07/2020 21:00:00;Strada Urbana;LUNGOTEVERE GUGLIELMO OBERDAN;da specificare;;;;IN PROSSIMITA' DI PIAZZA MONTEGRAPPA;Investimento di pedone;Rettilineo;Una carreggiata a doppio senso;Asciutto;Asfaltata;Verticale ed orizzontale;Sereno;Normale;Insufficiente;;1;1;0;1;12.4695;41.9193;-1;1;Autovettura privata;In marcia / fermata / arresto;Conducente;M;Illeso;0;;;
4992653;7;15/07/2020 18:40:00;Strada Urbana;VIA MURACCIO DI RISCHIARO;in corrispondenza;;del civico n.;48;;Veicolo in marcia contro ostacolo accidentale;Rettilineo;Una carreggiata a doppio senso;Asciutto;Asfaltata;Assente;Sereno;Scarso;Buona;;0;0;0;1;12.6062;41.8902;-1;1;Autovettura privata;In marcia / fermata / arresto;Conducente;M;Illeso;0;;Non accertato;Inesploso
4992671;7;16/07/2020 01:10:00;Strada Urbana;VIA TOR DE' SCHIAVI;in corrispondenza;;del civico n.;253 B;;Veicolo in marcia contro veicoli in sosta;Rettilineo;Due carreggiate;Asciutto;Asfaltata;Verticale ed orizzontale;Sereno;Scarso;Sufficiente;;1;0;0;1;12.5601;41.8912;-1;1;Autovettura privata;In marcia / fermata / arresto;Conducente;M;Illeso;0;;Non accertato;Inesploso