Protocollo;Gruppo;DataOraIncidente;Localizzazione1;STRADA1;Localizzazione2;STRADA2;Strada02;Chilometrica;DaSpecificare;NaturaIncidente;particolaritastrade;TipoStrada;FondoStradale;Pavimentazione;Segnaletica;CondizioneAtmosferica;Traffico;Visibilita;Illuminazione;NUM_FERITI;NUM_RISERVATA;NUM_MORTI;NUM_ILLESI;Longitudine;Latitudine;Confermato;Progressivo;TipoVeicolo;StatoVeicolo;TipoPersona;Sesso;Tipolesione;Deceduto;DecedutoDopo;CinturaCascoUtilizzato;Airbag;
4998452;7;20/07/2020 19:10:00;Strada Urbana;VIA ARISTIDE MERLONI;all'intersezione con;VIA PRENESTINA BIS;VIA PRENESTINA BIS;;;Tamponamento;Incrocio;Una carreggiata a senso unico di marcia;Asciutto;Asfaltata;Orizzontale;Sereno;Scarso;Buona;;0;0;0;3;12.6099;41.8828;-1;1;Autovettura privata;In marcia / fermata / arresto;Passeggero;M;Illeso;0;;Non accertato;Inesploso
4998452;7;20/07/2020 19:10:00;Strada Urbana;VIA ARISTIDE MERLONI;all'intersezione con;VIA PRENESTINA BIS;VIA PRENESTINA BIS;;;Tamponamento;Incrocio;Una carreggiata a senso unico di marcia;Asciutto;Asfaltata;Orizzontale;Sereno;Scarso;Buona;;0;0;0;3;12.6099;41.8828;-1;2;Autovettura privata;In marcia / fermata / arresto;Conducente;F;Illeso;0;;Non accertato;Inesploso
4998461;7;20/07/2020 20:00:00;Strada Urbana;VIA COLLATINA;in corrispondenza;;del civico n.;404;;Scontro laterale fra veicoli in marcia;Rettilineo;Una carreggiata a doppio senso;Asciutto;Asfaltata;Assente;Sereno;Normale;Sufficiente;;1;0;0;2;12.6064;41.9049;-1;1;Autovettura privata;In marcia / fermata / arresto;Conducente;M;Illeso;0;;Non accertato;Inesploso
4998461;7;20/07/2020 20:00:00;Strada Urbana;VIA COLLATINA;in corrispondenza;;del civico n.;404;;Scontro laterale fra veicoli in marcia;Rettilineo;Una carreggiata a doppio senso;Asciutto;Asfaltata;Assente;Sereno;Normale;Sufficiente;;1;0;0;2;12.6064;41.9049;-1;1;Autovettura privata;In marcia / fermata / arresto;Passeggero;F;Illeso;0;;Non accertato;Inesploso
4998461;7;20/07/2020 20:00:00;Strada Urbana;VIA COLLATINA;in corrispondenza;;del civico n.;404;;Scontro laterale fra veicoli in marcia;Rettilineo;Una carreggiata a doppio senso;Asciutto;Asfaltata;Assente;Sereno;Normale;Sufficiente;;1;0;0;2;12.6064;41.9049;-1;2;Motociclo a solo;In marcia / fermata / arresto;Conducente;M;Rimandato;0;NON DECEDUTO;;
4998469;7;21/07/2020 10:35:00;Strada Urbana;VIA ARISTIDE STADERINI;all'intersezione con;VIA PRENESTINA;VIA PRENESTINA;;;Investimento di pedone;Incrocio;Una carreggiata a senso unico di marcia;Asciutto;Asfaltata;Orizzontale;Sereno;Normale;Sufficiente;;1;0;0;1;12.5872;41.8918;-1;;;;Pedone;M;Rimandato;0;NON DECEDUTO;;
4998469;7;21/07/2020 10:35:00;Strada Urbana;VIA ARISTIDE STADERINI;all'intersezione con;VIA PRENESTINA;VIA PRENESTINA;;;Investimento di pedone;Incrocio;Una carreggiata a senso unico di marcia;Asciutto;Asfaltata;Orizzontale;Sereno;Normale;Sufficiente;;1;0;0;1;12.5872;41.8918;-1;1;Autovettura privata;In marcia / fermata / arresto;Conducente;M;Illeso;0;;;
4998587;8;21/07/2020 08:50:00;Strada Urbana;VIA GIORGIO GRAPPELLI;da specificare;;;;sottopasso inversione di marcia A24;Ribaltamento senza urto contro ostacolo fisso;Curva senza visuale libera;Una carreggiata a senso unico di marcia;Asciutto;Asfaltata;Verticale ed orizzontale;Sereno;Scarso;Buona;;1;0;0;0;12.6573;41.9117;-1;1;Autoarticolato;In marcia / fermata / arresto;Conducente;M;Rimandato;0;NON DECEDUTO;;
4998588;8;21/07/2020 10:45:00;Strada Urbana;VIA PRENESTINA;all'intersezione con;VIA CALABRITTO;VIA CALABRITTO;;;Scontro laterale fra veicoli in marcia;Incrocio;Una carreggiata a doppio senso;Asciutto;Asfaltata;Verticale ed orizzontale;Sereno;Normale;Buona;;0;0;0;2;12.6155;41.8933;-1;1;Autovettura privata;In marcia / fermata / arresto;Conducente;M;Illeso;0;;;
4998588;8;21/07/2020 10:45:00;Strada Urbana;VIA PRENESTINA;all'intersezione con;VIA CALABRITTO;VIA CALABRITTO;;;Scontro laterale fra veicoli in marcia;Incrocio;Una carreggiata a doppio senso;Asciutto;Asfaltata;Verticale ed orizzontale;Sereno;Normale;Buona;;0;0;0;2;12.6155;41.8933;-1;2;Autovettura privata;In marcia / fermata / arresto;Conducente;M;Illeso;0;;Non accertato;
4998589;8;21/07/2020 11:15:00;;VIA DI TOR VERGATA;da specificare;;;;fronte deposito Atac direz. Tor Bella Monaca;Scontro laterale fra veicoli in marcia;;;;;;;;;;1;0;0;3;;;0;1;Autovettura privata;In marcia / fermata / arresto;Conducente;M;Illeso;0;;;
4998589;8;21/07/2020 11:15:00;;VIA DI TOR VERGATA;da specificare;;;;fronte deposito Atac direz. Tor Bella Monaca;Scontro laterale fra veicoli in marcia;;;;;;;;;;1;0;0;3;;;0;1;Autovettura privata;In marcia / fermata / arresto;Passeggero;F;Rimandato;0;NON DECEDUTO;;
4998589;8;21/07/2020 11:15:00;;VIA DI TOR VERGATA;da specificare;;;;fronte deposito Atac direz. Tor Bella Monaca;Scontro laterale fra veicoli in marcia;;;;;;;;;;1;0;0;3;;;0;2;Autovettura privata;In marcia / fermata / arresto;Conducente;M;Illeso;0;;;
4998589;8;21/07/2020 11:15:00;;VIA DI TOR VERGATA;da specificare;;;;fronte deposito Atac direz. Tor Bella Monaca;Scontro laterale fra veicoli in marcia;;;;;;;;;;1;0;0;3;;;0;2;Autovettura privata;In marcia / fermata / arresto;Passeggero;F;Illeso;0;;;
4998589;8;21/07/2020 11:15:00;;VIA DI TOR VERGATA;da specificare;;;;fronte deposito Atac direz. Tor Bella Monaca;Scontro laterale fra veicoli in marcia;;;;;;;;;;1;0;0;3;;;0;3;Autovettura privata;In marcia / fermata / arresto;;;;;;;
4998590;8;21/07/2020 15:20:00;Strada Urbana;VIA DI VERMICINO;in prossimit�;;del civico n.;124;;Scontro frontale/laterale SX fra veicoli in marcia;Rettilineo;Una carreggiata a doppio senso;Asciutto;Asfaltata;Verticale ed orizzontale;Sereno;Normale;Buona;;1;0;0;1;12.6754;41.8561;-1;1;Autocarro inferiore 35 q.;In marcia / fermata / arresto;Conducente;M;Rimandato;0;NON DECEDUTO;Non accertato;Esploso
4998590;8;21/07/2020 15:20:00;Strada Urbana;VIA DI VERMICINO;in prossimit�;;del civico n.;124;;Scontro frontale/laterale SX fra veicoli in marcia;Rettilineo;Una carreggiata a doppio senso;Asciutto;Asfaltata;Verticale ed orizzontale;Sereno;Normale;Buona;;1;0;0;1;12.6754;41.8561;-1;2;Autocarro inferiore 35 q.;In marcia / fermata / arresto;Conducente;M;Illeso;0;;;
4998591;8;21/07/2020 16:50:00;Strada Urbana;VIALE FRANCESCO CALTAGIRONE;da specificare;;;;altezza Via C. D'Ascanio;Scontro laterale fra veicoli in marcia;Rettilineo;Due carreggiate;Asciutto;Asfaltata;Verticale ed orizzontale;Sereno;Intenso;Buona;;2;0;0;1;12.6547;41.9093;-1;1;Autovettura privata;In marcia / fermata / arresto;Conducente;M;Rifiuta cure immediate;0;NON DECEDUTO;;
4998591;8;21/07/2020 16:50:00;Strada Urbana;VIALE FRANCESCO CALTAGIRONE;da specificare;;;;altezza Via C. D'Ascanio;Scontro laterale fra veicoli in marcia;Rettilineo;Due carreggiate;Asciutto;Asfaltata;Verticale ed orizzontale;Sereno;Intenso;Buona;;2;0;0;1;12.6547;41.9093;-1;1;Autovettura privata;In marcia / fermata / arresto;Passeggero;F;Ricoverato;0;NON DECEDUTO;;
4998591;8;21/07/2020 16:50:00;Strada Urbana;VIALE FRANCESCO CALTAGIRONE;da specificare;;;;altezza Via C. D'Ascanio;Scontro laterale fra veicoli in marcia;Rettilineo;Due carreggiate;Asciutto;Asfaltata;Verticale ed orizzontale;Sereno;Intenso;Buona;;2;0;0;1;12.6547;41.9093;-1;2;Autovettura privata;In marcia / fermata / arresto;Conducente;M;Illeso;0;;;
4998592;8;21/07/2020 19:20:00;Strada Urbana;VIA CASILINA;in prossimit�;;del civico n.;1665;;Tamponamento Multiplo;Rettilineo;Una carreggiata a doppio senso;Asciutto;Asfaltata;Orizzontale;Sereno;Normale;Buona;;2;0;0;3;12.6443;41.8627;-1;1;Autovettura privata;In marcia / fermata / arresto;Conducente;M;Illeso;0;;;
4998592;8;21/07/2020 19:20:00;Strada Urbana;VIA CASILINA;in prossimit�;;del civico n.;1665;;Tamponamento Multiplo;Rettilineo;Una carreggiata a doppio senso;Asciutto;Asfaltata;Orizzontale;Sereno;Normale;Buona;;2;0;0;3;12.6443;41.8627;-1;2;Autovettura privata;In marcia / fermata / arresto;Conducente;F;Rifiuta cure immediate;0;NON DECEDUTO;;
4998592;8;21/07/2020 19:20:00;Strada Urbana;VIA CASILINA;in prossimit�;;del civico n.;1665;;Tamponamento Multiplo;Rettilineo;Una carreggiata a doppio senso;Asciutto;Asfaltata;Orizzontale;Sereno;Normale;Buona;;2;0;0;3;12.6443;41.8627;-1;2;Autovettura privata;In marcia / fermata / arresto;Passeggero;F;Rifiuta cure immediate;0;NON DECEDUTO;;
4998592;8;21/07/2020 19:20:00;Strada Urbana;VIA CASILINA;in prossimit�;;del civico n.;1665;;Tamponamento Multiplo;Rettilineo;Una carreggiata a doppio senso;Asciutto;Asfaltata;Orizzontale;Sereno;Normale;Buona;;2;0;0;3;12.6443;41.8627;-1;3;Autovettura privata;In marcia / fermata / arresto;Conducente;M;Illeso;0;;;
4998592;8;21/07/2020 19:20:00;Strada Urbana;VIA CASILINA;in prossimit�;;del civico n.;1665;;Tamponamento Multiplo;Rettilineo;Una carreggiata a doppio senso;Asciutto;Asfaltata;Orizzontale;Sereno;Normale;Buona;;2;0;0;3;12.6443;41.8627;-1;4;Autocarro inferiore 35 q.;In marcia / fermata / arresto;Conducente;M;Illeso;0;;;
4998593;8;22/07/2020 01:10:00;Strada Urbana;VIA DI ROCCA CENCIA;all'intersezione semaforizzata con;VIA PRENESTINA NUOVA;VIA PRENESTINA NUOVA;;;Scontro frontale/laterale SX fra veicoli in marcia;Intersezione semaforizzata;Una carreggiata a doppio senso;Asciutto;Asfaltata;Verticale ed orizzontale;Sereno;Scarso;Sufficiente;;0;0;0;2;12.6919;41.8758;-1;1;Autovettura privata;In marcia / fermata / arresto;Conducente;M;Illeso;0;;;
4998593;8;22/07/2020 01:10:00;Strada Urbana;VIA DI ROCCA CENCIA;all'intersezione semaforizzata con;VIA PRENESTINA NUOVA;VIA PRENESTINA NUOVA;;;Scontro frontale/laterale SX fra veicoli in marcia;Intersezione semaforizzata;Una carreggiata a doppio senso;Asciutto;Asfaltata;Verticale ed orizzontale;Sereno;Scarso;Sufficiente;;0;0;0;2;12.6919;41.8758;-1;2;Autovettura privata;In marcia / fermata / arresto;Conducente;M;Illeso;0;;;
4998599;15;21/07/2020 18:30:00;Strada Urbana;AUTOSTRADA ROMA AEROPORTO DI FIUMICINO;da specificare;;;;rampa uscita VIA DELLA MAGLIANA direzione centro;Tamponamento;Curva a visuale libera;Una carreggiata a senso unico di marcia;Asciutto;Asfaltata;Verticale ed orizzontale;Sereno;Normale;Buona;;0;0;0;2;12.3694;41.8164;-1;1;Autovettura privata;In marcia / fermata / arresto;Conducente;F;Illeso;0;;Non accertato;Inesploso
4998599;15;21/07/2020 18:30:00;Strada Urbana;AUTOSTRADA ROMA AEROPORTO DI FIUMICINO;da specificare;;;;rampa uscita VIA DELLA MAGLIANA direzione centro;Tamponamento;Curva a visuale libera;Una carreggiata a senso unico di marcia;Asciutto;Asfaltata;Verticale ed orizzontale;Sereno;Normale;Buona;;0;0;0;2;12.3694;41.8164;-1;2;Autovettura privata;In marcia / fermata / arresto;Conducente;F;Illeso;0;;Non accertato;Inesploso
4998754;11;21/07/2020 11:25:00;Strada Urbana;VIA OSTIENSE;all'intersezione con;VIA DEI CADUTI SENZA CROCE;VIA DEI CADUTI SENZA CROCE;;;Scontro laterale fra veicoli in marcia;Incrocio;Una carreggiata a senso unico di marcia;Asciutto;Asfaltata;Verticale ed orizzontale;Sereno;Normale;Buona;;0;0;0;3;12.4752;41.8499;-1;1;Autovettura privata;In marcia / fermata / arresto;Conducente;M;Illeso;0;;Non accertato;
4998754;11;21/07/2020 11:25:00;Strada Urbana;VIA OSTIENSE;all'intersezione con;VIA DEI CADUTI SENZA CROCE;VIA DEI CADUTI SENZA CROCE;;;Scontro laterale fra veicoli in marcia;Incrocio;Una carreggiata a senso unico di marcia;Asciutto;Asfaltata;Verticale ed orizzontale;Sereno;Normale;Buona;;0;0;0;3;12.4752;41.8499;-1;1;Autovettura privata;In marcia / fermata / arresto;Passeggero;F;Illeso;0;;Non accertato;
4998754;11;21/07/2020 11:25:00;Strada Urbana;VIA OSTIENSE;all'intersezione con;VIA DEI CADUTI SENZA CROCE;VIA DEI CADUTI SENZA CROCE;;;Scontro laterale fra veicoli in marcia;Incrocio;Una carreggiata a senso unico di marcia;Asciutto;Asfaltata;Verticale ed orizzontale;Sereno;Normale;Buona;;0;0;0;3;12.4752;41.8499;-1;2;Autovettura privata;In marcia / fermata / arresto;Conducente;M;Illeso;0;;Non accertato;
4998761;9;21/07/2020 19:20:00;Strada Urbana;VIA ALGHERO;da specificare;;;;fronte civico 4;Infortunio per sola frenata improvvisa;Rettilineo;Una carreggiata a senso unico alternato;Asciutto;Asfaltata;Assente;Sereno;Normale;Buona;;0;0;0;5;12.5215;41.8865;-1;1;Autovettura privata;In marcia / fermata / arresto;Conducente;F;Illeso;0;;Non accertato;Inesploso
4998761;9;21/07/2020 19:20:00;Strada Urbana;VIA ALGHERO;da specificare;;;;fronte civico 4;Infortunio per sola frenata improvvisa;Rettilineo;Una carreggiata a senso unico alternato;Asciutto;Asfaltata;Assente;Sereno;Normale;Buona;;0;0;0;5;12.5215;41.8865;-1;1;Autovettura privata;In marcia / fermata / arresto;Passeggero;F;Illeso;0;;Non accertato;Inesploso
4998761;9;21/07/2020 19:20:00;Strada Urbana;VIA ALGHERO;da specificare;;;;fronte civico 4;Infortunio per sola frenata improvvisa;Rettilineo;Una carreggiata a senso unico alternato;Asciutto;Asfaltata;Assente;Sereno;Normale;Buona;;0;0;0;5;12.5215;41.8865;-1;2;Motociclo a solo;In marcia / fermata / arresto;Conducente;M;Illeso;0;;Non accertato;
4998764;5;18/07/2020 18:15:00;Strada Urbana;VIA IGNAZIO PETTINENGO;all'intersezione con;VIA ALFONSO TORELLI;VIA ALFONSO TORELLI;;;Scontro frontale/laterale SX fra veicoli in marcia;Incrocio;Una carreggiata a senso unico di marcia;Asciutto;Asfaltata;Verticale;Sereno;Normale;Buona;;0;0;0;3;12.539;41.9;-1;1;Autovettura privata;In marcia / fermata / arresto;Conducente;F;Illeso;0;;;
4998764;5;18/07/2020 18:15:00;Strada Urbana;VIA IGNAZIO PETTINENGO;all'intersezione con;VIA ALFONSO TORELLI;VIA ALFONSO TORELLI;;;Scontro frontale/laterale SX fra veicoli in marcia;Incrocio;Una carreggiata a senso unico di marcia;Asciutto;Asfaltata;Verticale;Sereno;Normale;Buona;;0;0;0;3;12.539;41.9;-1;2;Autovettura privata;In marcia / fermata / arresto;Conducente;M;Illeso;0;;;
4998764;5;18/07/2020 18:15:00;Strada Urbana;VIA IGNAZIO PETTINENGO;all'intersezione con;VIA ALFONSO TORELLI;VIA ALFONSO TORELLI;;;Scontro frontale/laterale SX fra veicoli in marcia;Incrocio;Una carreggiata a senso unico di marcia;Asciutto;Asfaltata;Verticale;Sereno;Normale;Buona;;0;0;0;3;12.539;41.9;-1;2;Autovettura privata;In marcia / fermata / arresto;Passeggero;F;Illeso;0;;;
4998769;5;20/07/2020 22:50:00;Strada Urbana;VIA RECANATI;all'intersezione con;VIA FIUMINATA;VIA FIUMINATA;;;Scontro frontale/laterale SX fra veicoli in marcia;Incrocio;Una carreggiata a senso unico di marcia;Asciutto;Asfaltata;Verticale;Sereno;Normale;Sufficiente;;1;0;0;2;12.5857;41.94;-1;1;Autovettura privata;In marcia / fermata / arresto;Conducente;M;Illeso;0;;Non accertato;Esploso
4998769;5;20/07/2020 22:50:00;Strada Urbana;VIA RECANATI;all'intersezione con;VIA FIUMINATA;VIA FIUMINATA;;;Scontro frontale/laterale SX fra veicoli in marcia;Incrocio;Una carreggiata a senso unico di marcia;Asciutto;Asfaltata;Verticale;Sereno;Normale;Sufficiente;;1;0;0;2;12.5857;41.94;-1;1;Autovettura privata;In marcia / fermata / arresto;Passeggero;F;Rimandato;0;NON DECEDUTO;Non accertato;Inesploso
4998769;5;20/07/2020 22:50:00;Strada Urbana;VIA RECANATI;all'intersezione con;VIA FIUMINATA;VIA FIUMINATA;;;Scontro frontale/laterale SX fra veicoli in marcia;Incrocio;Una carreggiata a senso unico di marcia;Asciutto;Asfaltata;Verticale;Sereno;Normale;Sufficiente;;1;0;0;2;12.5857;41.94;-1;2;Autovettura privata;In marcia / fermata / arresto;Conducente;M;Illeso;0;;Non accertato;Inesploso
4998770;11;21/07/2020 18:40:00;Strada Urbana;VIA DEL GAZOMETRO;all'intersezione semaforizzata con;VIA DEL PORTO FLUVIALE;VIA DEL PORTO FLUVIALE;;;Scontro laterale fra veicoli in marcia;Intersezione semaforizzata;Una carreggiata a doppio senso;Asciutto;Asfaltata;Verticale ed orizzontale;Sereno;Normale;Buona;;1;0;0;2;12.4787;41.8724;-1;1;Motociclo a solo;In marcia / fermata / arresto;Conducente;M;Rimandato;0;NON DECEDUTO;;
4998770;11;21/07/2020 18:40:00;Strada Urbana;VIA DEL GAZOMETRO;all'intersezione semaforizzata con;VIA DEL PORTO FLUVIALE;VIA DEL PORTO FLUVIALE;;;Scontro laterale fra veicoli in marcia;Intersezione semaforizzata;Una carreggiata a doppio senso;Asciutto;Asfaltata;Verticale ed orizzontale;Sereno;Normale;Buona;;1;0;0;2;12.4787;41.8724;-1;2;Autovettura privata;In marcia / fermata / arresto;Conducente;M;Illeso;0;;Utilizzato;Inesploso
4998770;11;21/07/2020 18:40:00;Strada Urbana;VIA DEL GAZOMETRO;all'intersezione semaforizzata con;VIA DEL PORTO FLUVIALE;VIA DEL PORTO FLUVIALE;;;Scontro laterale fra veicoli in marcia;Intersezione semaforizzata;Una carreggiata a doppio senso;Asciutto;Asfaltata;Verticale ed orizzontale;Sereno;Normale;Buona;;1;0;0;2;12.4787;41.8724;-1;2;Autovettura privata;In marcia / fermata / arresto;Passeggero;F;Illeso;0;;;
4998776;15;21/07/2020 19:55:00;Strada Urbana;VIA BELFORTE MONFERRATO;all'intersezione con;VIA MONTEMARZINO;VIA MONTEMARZINO;;;Scontro frontale/laterale DX fra veicoli in marcia;Intersezione non regolata/non segnalata;Una carreggiata a doppio senso;Asciutto;Asfaltata;Assente;Sereno;Scarso;Sufficiente;;1;0;0;1;12.3126;41.8262;-1;1;Autovettura privata;In marcia / fermata / arresto;Conducente;M;Illeso;0;;Non accertato;Inesploso
4998776;15;21/07/2020 19:55:00;Strada Urbana;VIA BELFORTE MONFERRATO;all'intersezione con;VIA MONTEMARZINO;VIA MONTEMARZINO;;;Scontro frontale/laterale DX fra veicoli in marcia;Intersezione non regolata/non segnalata;Una carreggiata a doppio senso;Asciutto;Asfaltata;Assente;Sereno;Scarso;Sufficiente;;1;0;0;1;12.3126;41.8262;-1;2;Velocipede;In marcia / fermata / arresto;Conducente;M;Rimandato;0;NON DECEDUTO;Esente;
4998785;19;21/07/2020 14:30:00;Strada Urbana;VIA DI TORREVECCHIA;in prossimit�;;del civico n.;625;;Scontro laterale fra veicoli in marcia;Rettilineo;Una carreggiata a doppio senso;Asciutto;Asfaltata;Assente;Sereno;Normale;Buona;;0;0;0;3;12.411;41.9216;-1;1;Autovettura privata;In marcia / fermata / arresto;Conducente;F;Illeso;0;;Non accertato;Inesploso
4998785;19;21/07/2020 14:30:00;Strada Urbana;VIA DI TORREVECCHIA;in prossimit�;;del civico n.;625;;Scontro laterale fra veicoli in marcia;Rettilineo;Una carreggiata a doppio senso;Asciutto;Asfaltata;Assente;Sereno;Normale;Buona;;0;0;0;3;12.411;41.9216;-1;2;Motociclo a solo;In marcia / fermata / arresto;Conducente;M;Illeso;0;;Non accertato;
4998785;19;21/07/2020 14:30:00;Strada Urbana;VIA DI TORREVECCHIA;in prossimit�;;del civico n.;625;;Scontro laterale fra veicoli in marcia;Rettilineo;Una carreggiata a doppio senso;Asciutto;Asfaltata;Assente;Sereno;Normale;Buona;;0;0;0;3;12.411;41.9216;-1;2;Motociclo a solo;In marcia / fermata / arresto;Passeggero;F;Illeso;0;;Non accertato;
4998789;5;21/07/2020 11:30:00;Strada Urbana;VIA BARTOLO LONGO;da specificare;;;;pross. civ. 7;Veicolo in marcia contro veicolo fermo;Rettilineo;Una carreggiata a doppio senso;Asciutto;Asfaltata;Assente;Sereno;Normale;Buona;;0;0;0;5;12.5693;41.9336;-1;1;Autovettura privata;In marcia / fermata / arresto;Conducente;M;Illeso;0;;Non accertato;
4998789;5;21/07/2020 11:30:00;Strada Urbana;VIA BARTOLO LONGO;da specificare;;;;pross. civ. 7;Veicolo in marcia contro veicolo fermo;Rettilineo;Una carreggiata a doppio senso;Asciutto;Asfaltata;Assente;Sereno;Normale;Buona;;0;0;0;5;12.5693;41.9336;-1;1;Autovettura privata;In marcia / fermata / arresto;Passeggero;F;Illeso;0;;Non accertato;
4998789;5;21/07/2020 11:30:00;Strada Urbana;VIA BARTOLO LONGO;da specificare;;;;pross. civ. 7;Veicolo in marcia contro veicolo fermo;Rettilineo;Una carreggiata a doppio senso;Asciutto;Asfaltata;Assente;Sereno;Normale;Buona;;0;0;0;5;12.5693;41.9336;-1;1;Autovettura privata;In marcia / fermata / arresto;Passeggero;F;Illeso;0;;Non accertato;
4998789;5;21/07/2020 11:30:00;Strada Urbana;VIA BARTOLO LONGO;da specificare;;;;pross. civ. 7;Veicolo in marcia contro veicolo fermo;Rettilineo;Una carreggiata a doppio senso;Asciutto;Asfaltata;Assente;Sereno;Normale;Buona;;0;0;0;5;12.5693;41.9336;-1;1;Autovettura privata;In marcia / fermata / arresto;Passeggero;F;Illeso;0;;Non accertato;
4998789;5;21/07/2020 11:30:00;Strada Urbana;VIA BARTOLO LONGO;da specificare;;;;pross. civ. 7;Veicolo in marcia contro veicolo fermo;Rettilineo;Una carreggiata a doppio senso;Asciutto;Asfaltata;Assente;Sereno;Normale;Buona;;0;0;0;5;12.5693;41.9336;-1;2;Autovettura privata;In marcia / fermata / arresto;Conducente;F;Illeso;0;;Non accertato;
4998803;19;21/07/2020 16:45:00;Strada Urbana;VIA DELLA PINETA SACCHETTI;in prossimit�;;del civico n.;121/d;;Investimento di pedone;Rettilineo;Due carreggiate;Asciutto;Asfaltata;Verticale ed orizzontale;Sereno;Normale;Buona;;1;0;0;1;12.4225;41.9174;-1;;;;Pedone;M;Rimandato;0;NON DECEDUTO;;
4998803;19;21/07/2020 16:45:00;Strada Urbana;VIA DELLA PINETA SACCHETTI;in prossimit�;;del civico n.;121/d;;Investimento di pedone;Rettilineo;Due carreggiate;Asciutto;Asfaltata;Verticale ed orizzontale;Sereno;Normale;Buona;;1;0;0;1;12.4225;41.9174;-1;1;Motociclo a solo;In marcia / fermata / arresto;Conducente;M;Illeso;0;;Non accertato;
4998809;9;21/07/2020 22:00:00;Strada Urbana;VIA MACERATA;in corrispondenza;;del civico n.;10;;Veicolo in marcia contro veicolo in sosta;Rettilineo;Una carreggiata a senso unico di marcia;Asciutto;Asfaltata;Assente;Sereno;Scarso;Sufficiente;;0;0;0;0;12.5265;41.8891;-1;1;Autovettura privata;Sosta;;;;;;;
4998809;9;21/07/2020 22:00:00;Strada Urbana;VIA MACERATA;in corrispondenza;;del civico n.;10;;Veicolo in marcia contro veicolo in sosta;Rettilineo;Una carreggiata a senso unico di marcia;Asciutto;Asfaltata;Assente;Sereno;Scarso;Sufficiente;;0;0;0;0;12.5265;41.8891;-1;2;Autovettura privata;In marcia / fermata / arresto;;;;;;;
4998810;13;21/07/2020 12:00:00;Strada Urbana;VIA CESARE PASCUCCI;all'intersezione con;VIA SALVATORE MELUZZI;VIA SALVATORE MELUZZI;;;Veicolo in marcia contro ostacolo accidentale;Incrocio;Una carreggiata a doppio senso;Asciutto;Asfaltata;Assente;Sereno;Normale;Buona;;0;0;0;1;12.3572;41.7425;-1;1;Motociclo con passeggero;In marcia / fermata / arresto;Conducente;M;Illeso;0;;Non accertato;
4998817;5;21/07/2020 13:00:00;Strada Urbana;VIA VACUNA;da specificare;;;;altezza civ. 83;Veicolo in marcia contro veicolo in sosta;Rettilineo;Una carreggiata a senso unico di marcia;Asciutto;Asfaltata;Verticale ed orizzontale;Sereno;Scarso;Buona;;1;0;0;0;12.5359;41.911;0;1;Autovettura privata;In marcia / fermata / arresto;Conducente;M;Rimandato;0;NON DECEDUTO;Non accertato;Inesploso
4998817;5;21/07/2020 13:00:00;Strada Urbana;VIA VACUNA;da specificare;;;;altezza civ. 83;Veicolo in marcia contro veicolo in sosta;Rettilineo;Una carreggiata a senso unico di marcia;Asciutto;Asfaltata;Verticale ed orizzontale;Sereno;Scarso;Buona;;1;0;0;0;12.5359;41.911;0;2;Autovettura privata;Sosta;;;;;;;
4998824;5;21/07/2020 13:10:00;Strada Urbana;VIALE DEL TECNOPOLO;all'intersezione con;VIA DELLE CASE ROSSE;VIA DELLE CASE ROSSE;;;Scontro frontale/laterale SX fra veicoli in marcia;Incrocio;Una carreggiata a doppio senso;Asciutto;Asfaltata;Verticale ed orizzontale;Sereno;Normale;Buona;;0;0;0;3;12.6366;41.9275;-1;1;Autovettura privata;In marcia / fermata / arresto;Conducente;F;Illeso;0;;Non accertato;Inesploso
4998824;5;21/07/2020 13:10:00;Strada Urbana;VIALE DEL TECNOPOLO;all'intersezione con;VIA DELLE CASE ROSSE;VIA DELLE CASE ROSSE;;;Scontro frontale/laterale SX fra veicoli in marcia;Incrocio;Una carreggiata a doppio senso;Asciutto;Asfaltata;Verticale ed orizzontale;Sereno;Normale;Buona;;0;0;0;3;12.6366;41.9275;-1;2;Autovettura privata;In marcia / fermata / arresto;Conducente;M;Illeso;0;;Non accertato;Esploso
4998824;5;21/07/2020 13:10:00;Strada Urbana;VIALE DEL TECNOPOLO;all'intersezione con;VIA DELLE CASE ROSSE;VIA DELLE CASE ROSSE;;;Scontro frontale/laterale SX fra veicoli in marcia;Incrocio;Una carreggiata a doppio senso;Asciutto;Asfaltata;Verticale ed orizzontale;Sereno;Normale;Buona;;0;0;0;3;12.6366;41.9275;-1;2;Autovettura privata;In marcia / fermata / arresto;Passeggero;F;Illeso;0;;Non accertato;Inesploso
4998826;13;21/07/2020 12:45:00;Strada Urbana;CORSO DUCA DI GENOVA;all'intersezione con;VIALE DELLE REPUBBLICHE MARINARE;VIALE DELLE REPUBBLICHE MARINARE;;;Scontro frontale/laterale DX fra veicoli in marcia;Incrocio;Una carreggiata a doppio senso;Asciutto;Asfaltata;Assente;Sereno;Normale;Buona;;0;0;0;2;12.2715;41.7339;-1;1;Autovettura privata;In marcia / fermata / arresto;Conducente;M;Illeso;0;;Non accertato;Inesploso
4998826;13;21/07/2020 12:45:00;Strada Urbana;CORSO DUCA DI GENOVA;all'intersezione con;VIALE DELLE REPUBBLICHE MARINARE;VIALE DELLE REPUBBLICHE MARINARE;;;Scontro frontale/laterale DX fra veicoli in marcia;Incrocio;Una carreggiata a doppio senso;Asciutto;Asfaltata;Assente;Sereno;Normale;Buona;;0;0;0;2;12.2715;41.7339;-1;2;Autovettura privata;In marcia / fermata / arresto;Conducente;F;Illeso;0;;Non accertato;Inesploso