Protocollo;Gruppo;DataOraIncidente;Localizzazione1;STRADA1;Localizzazione2;STRADA2;Strada02;Chilometrica;DaSpecificare;NaturaIncidente;particolaritastrade;TipoStrada;FondoStradale;Pavimentazione;Segnaletica;CondizioneAtmosferica;Traffico;Visibilita;Illuminazione;NUM_FERITI;NUM_RISERVATA;NUM_MORTI;NUM_ILLESI;Longitudine;Latitudine;Confermato;Progressivo;TipoVeicolo;StatoVeicolo;TipoPersona;Sesso;Tipolesione;Deceduto;DecedutoDopo;CinturaCascoUtilizzato;Airbag;
5003000;10;24/07/2020 01:00:00;Strada Urbana;VIA MARSICO NUOVO;da specificare;;;;in prossimit� del fronte civico 28;Veicolo in marcia contro veicolo in sosta;Rettilineo;Una carreggiata a senso unico di marcia;Asciutto;Asfaltata;Verticale;Sereno;Normale;Sufficiente;;0;0;0;0;12.5583;41.83;-1;1;Autovettura privata;Allontanatosi;;;;;;;
5003000;10;24/07/2020 01:00:00;Strada Urbana;VIA MARSICO NUOVO;da specificare;;;;in prossimit� del fronte civico 28;Veicolo in marcia contro veicolo in sosta;Rettilineo;Una carreggiata a senso unico di marcia;Asciutto;Asfaltata;Verticale;Sereno;Normale;Sufficiente;;0;0;0;0;12.5583;41.83;-1;2;Autovettura privata;Sosta;;;;;;;
5003005;10;24/07/2020 19:00:00;Provinciale entro l'abitato;VIA TUSCOLANA;da specificare;;;;fronte al civico 1415/A;Tamponamento Multiplo;Rettilineo;Due carreggiate;Asciutto;Asfaltata;Verticale ed orizzontale;Sereno;Normale;Buona;;0;0;0;4;12.6217;41.8291;-1;1;Autovettura privata;In marcia / fermata / arresto;Conducente;M;Illeso;0;;Non accertato;Inesploso
5003005;10;24/07/2020 19:00:00;Provinciale entro l'abitato;VIA TUSCOLANA;da specificare;;;;fronte al civico 1415/A;Tamponamento Multiplo;Rettilineo;Due carreggiate;Asciutto;Asfaltata;Verticale ed orizzontale;Sereno;Normale;Buona;;0;0;0;4;12.6217;41.8291;-1;2;Autovettura privata;In marcia / fermata / arresto;Conducente;M;Illeso;0;;Non accertato;Esploso
5003005;10;24/07/2020 19:00:00;Provinciale entro l'abitato;VIA TUSCOLANA;da specificare;;;;fronte al civico 1415/A;Tamponamento Multiplo;Rettilineo;Due carreggiate;Asciutto;Asfaltata;Verticale ed orizzontale;Sereno;Normale;Buona;;0;0;0;4;12.6217;41.8291;-1;3;Autovettura privata;In marcia / fermata / arresto;Conducente;M;Illeso;0;;Non accertato;Inesploso
5003005;10;24/07/2020 19:00:00;Provinciale entro l'abitato;VIA TUSCOLANA;da specificare;;;;fronte al civico 1415/A;Tamponamento Multiplo;Rettilineo;Due carreggiate;Asciutto;Asfaltata;Verticale ed orizzontale;Sereno;Normale;Buona;;0;0;0;4;12.6217;41.8291;-1;4;Autovettura privata;In marcia / fermata / arresto;Conducente;M;Illeso;0;;Non accertato;Inesploso
5003010;12;25/07/2020 10:15:00;Strada Urbana;VIA DELLA CECCHIGNOLA;da specificare;;;;(rotatoria) prossimit� via di Tor Pagnotta;Tamponamento;Rotatoria;Una carreggiata a senso unico di marcia;Asciutto;Asfaltata;Verticale;Sereno;Scarso;Buona;;0;0;0;2;12.5116;41.8077;-1;1;Autovettura privata;In marcia / fermata / arresto;Conducente;M;Illeso;0;;Non accertato;Inesploso
5003010;12;25/07/2020 10:15:00;Strada Urbana;VIA DELLA CECCHIGNOLA;da specificare;;;;(rotatoria) prossimit� via di Tor Pagnotta;Tamponamento;Rotatoria;Una carreggiata a senso unico di marcia;Asciutto;Asfaltata;Verticale;Sereno;Scarso;Buona;;0;0;0;2;12.5116;41.8077;-1;2;Autovettura privata;In marcia / fermata / arresto;Conducente;F;Illeso;0;;Non accertato;Inesploso
5003042;15;25/07/2020 09:10:00;Strada Urbana;VIA PORTUENSE;all'intersezione con;VIA GIUSEPPE TROIANI;VIA GIUSEPPE TROIANI;;;Scontro frontale/laterale SX fra veicoli in marcia;Incrocio;Una carreggiata a doppio senso;Asciutto;Asfaltata;Verticale ed orizzontale;Sereno;Normale;Buona;;0;0;0;3;12.414;41.8469;-1;1;Autovettura privata;In marcia / fermata / arresto;Conducente;F;Illeso;0;;;
5003042;15;25/07/2020 09:10:00;Strada Urbana;VIA PORTUENSE;all'intersezione con;VIA GIUSEPPE TROIANI;VIA GIUSEPPE TROIANI;;;Scontro frontale/laterale SX fra veicoli in marcia;Incrocio;Una carreggiata a doppio senso;Asciutto;Asfaltata;Verticale ed orizzontale;Sereno;Normale;Buona;;0;0;0;3;12.414;41.8469;-1;2;Autovettura privata;In marcia / fermata / arresto;Conducente;M;Illeso;0;;;
5003042;15;25/07/2020 09:10:00;Strada Urbana;VIA PORTUENSE;all'intersezione con;VIA GIUSEPPE TROIANI;VIA GIUSEPPE TROIANI;;;Scontro frontale/laterale SX fra veicoli in marcia;Incrocio;Una carreggiata a doppio senso;Asciutto;Asfaltata;Verticale ed orizzontale;Sereno;Normale;Buona;;0;0;0;3;12.414;41.8469;-1;3;Autovettura privata;In marcia / fermata / arresto;Conducente;F;Illeso;0;;;
5003075;10;24/07/2020 19:15:00;Strada Urbana;VIA EMANUELE CARNEVALE;da specificare;;;;civico 85 interno parcheggio Leroy Merlin;Investimento di pedone;Rettilineo;Una carreggiata a senso unico di marcia;Asciutto;Asfaltata;Verticale ed orizzontale;Sereno;Normale;Buona;;2;0;0;1;12.6024;41.8502;-1;;;;Pedone;F;Rimandato;0;NON DECEDUTO;;
5003075;10;24/07/2020 19:15:00;Strada Urbana;VIA EMANUELE CARNEVALE;da specificare;;;;civico 85 interno parcheggio Leroy Merlin;Investimento di pedone;Rettilineo;Una carreggiata a senso unico di marcia;Asciutto;Asfaltata;Verticale ed orizzontale;Sereno;Normale;Buona;;2;0;0;1;12.6024;41.8502;-1;;;;Pedone;F;Rimandato;0;NON DECEDUTO;;
5003075;10;24/07/2020 19:15:00;Strada Urbana;VIA EMANUELE CARNEVALE;da specificare;;;;civico 85 interno parcheggio Leroy Merlin;Investimento di pedone;Rettilineo;Una carreggiata a senso unico di marcia;Asciutto;Asfaltata;Verticale ed orizzontale;Sereno;Normale;Buona;;2;0;0;1;12.6024;41.8502;-1;1;Autovettura privata;In marcia / fermata / arresto;Conducente;M;Illeso;0;;Non accertato;Inesploso
5003113;10;25/07/2020 03:50:00;Strada Urbana;VIA DEI PLATANI;da specificare;;;;fronte civico  162;Scontro frontale/laterale DX fra veicoli in marcia;Rettilineo;Una carreggiata a doppio senso;Asciutto;Asfaltata;Verticale ed orizzontale;Sereno;Scarso;Buona;;0;0;0;2;12.5712;41.8809;-1;1;Autovettura privata;In marcia / fermata / arresto;Conducente;M;Illeso;0;;Non accertato;Inesploso
5003113;10;25/07/2020 03:50:00;Strada Urbana;VIA DEI PLATANI;da specificare;;;;fronte civico  162;Scontro frontale/laterale DX fra veicoli in marcia;Rettilineo;Una carreggiata a doppio senso;Asciutto;Asfaltata;Verticale ed orizzontale;Sereno;Scarso;Buona;;0;0;0;2;12.5712;41.8809;-1;1;Autovettura privata;In marcia / fermata / arresto;Passeggero;F;Illeso;0;;Non accertato;Inesploso
5003113;10;25/07/2020 03:50:00;Strada Urbana;VIA DEI PLATANI;da specificare;;;;fronte civico  162;Scontro frontale/laterale DX fra veicoli in marcia;Rettilineo;Una carreggiata a doppio senso;Asciutto;Asfaltata;Verticale ed orizzontale;Sereno;Scarso;Buona;;0;0;0;2;12.5712;41.8809;-1;2;Autovettura privata;In marcia / fermata / arresto;;;;;;;
5003178;10;25/07/2020 13:10:00;Strada Urbana;VIALE GALVANO DELLA VOLPE;all'intersezione con;VIA ANGELO BRELICH;VIA ANGELO BRELICH;;;Scontro frontale/laterale DX fra veicoli in marcia;Incrocio;Due carreggiate;Asciutto;Asfaltata;Verticale ed orizzontale;Sereno;Scarso;Buona;;0;0;0;3;12.6297;41.8357;-1;1;Autovettura privata;In marcia / fermata / arresto;Conducente;M;Illeso;0;;Non accertato;Inesploso
5003178;10;25/07/2020 13:10:00;Strada Urbana;VIALE GALVANO DELLA VOLPE;all'intersezione con;VIA ANGELO BRELICH;VIA ANGELO BRELICH;;;Scontro frontale/laterale DX fra veicoli in marcia;Incrocio;Due carreggiate;Asciutto;Asfaltata;Verticale ed orizzontale;Sereno;Scarso;Buona;;0;0;0;3;12.6297;41.8357;-1;1;Autovettura privata;In marcia / fermata / arresto;Passeggero;F;Illeso;0;;Non accertato;Inesploso
5003178;10;25/07/2020 13:10:00;Strada Urbana;VIALE GALVANO DELLA VOLPE;all'intersezione con;VIA ANGELO BRELICH;VIA ANGELO BRELICH;;;Scontro frontale/laterale DX fra veicoli in marcia;Incrocio;Due carreggiate;Asciutto;Asfaltata;Verticale ed orizzontale;Sereno;Scarso;Buona;;0;0;0;3;12.6297;41.8357;-1;2;Autovettura privata;In marcia / fermata / arresto;Conducente;M;Illeso;0;;Non accertato;Inesploso
5003202;10;25/07/2020 11:30:00;Strada Urbana;VIA DELLA STAZIONE DI CIAMPINO;in prossimit�;;del civico n.;92;;Scontro laterale fra veicoli in marcia;Rettilineo;Una carreggiata a doppio senso;Asciutto;Asfaltata;Verticale ed orizzontale;Sereno;Normale;Buona;;0;0;0;3;12.6156;41.8126;-1;1;Autovettura privata;In marcia / fermata / arresto;Conducente;M;Illeso;0;;Non accertato;Inesploso
5003202;10;25/07/2020 11:30:00;Strada Urbana;VIA DELLA STAZIONE DI CIAMPINO;in prossimit�;;del civico n.;92;;Scontro laterale fra veicoli in marcia;Rettilineo;Una carreggiata a doppio senso;Asciutto;Asfaltata;Verticale ed orizzontale;Sereno;Normale;Buona;;0;0;0;3;12.6156;41.8126;-1;1;Autovettura privata;In marcia / fermata / arresto;Passeggero;F;Illeso;0;;Non accertato;Inesploso
5003202;10;25/07/2020 11:30:00;Strada Urbana;VIA DELLA STAZIONE DI CIAMPINO;in prossimit�;;del civico n.;92;;Scontro laterale fra veicoli in marcia;Rettilineo;Una carreggiata a doppio senso;Asciutto;Asfaltata;Verticale ed orizzontale;Sereno;Normale;Buona;;0;0;0;3;12.6156;41.8126;-1;2;Autovettura privata;In marcia / fermata / arresto;Conducente;M;Illeso;0;;Non accertato;Inesploso
5003287;10;25/07/2020 18:00:00;Strada Urbana;VIA TUSCOLANA;in corrispondenza;;del civico n.;929;;Veicolo in marcia contro veicolo in sosta;Rettilineo;Due carreggiate;Asciutto;Asfaltata;Verticale ed orizzontale;Sereno;Scarso;Buona;;0;0;0;1;12.5638;41.8562;-1;1;Autovettura pubblica;In marcia / fermata / arresto;Conducente;M;Illeso;0;;Non accertato;Inesploso
5003287;10;25/07/2020 18:00:00;Strada Urbana;VIA TUSCOLANA;in corrispondenza;;del civico n.;929;;Veicolo in marcia contro veicolo in sosta;Rettilineo;Due carreggiate;Asciutto;Asfaltata;Verticale ed orizzontale;Sereno;Scarso;Buona;;0;0;0;1;12.5638;41.8562;-1;2;Autovettura privata;Sosta;;;;;;;
5003544;8;25/07/2020 11:20:00;Strada Urbana;VIA PRENESTINA;da specificare;;;;fronte civ. 1108 - diramazione svincolo GRA;Scontro frontale/laterale DX fra veicoli in marcia;Rettilineo;Una carreggiata a doppio senso;Asciutto;Asfaltata;Verticale ed orizzontale;Sereno;Normale;Buona;;1;0;0;1;12.6155;41.8933;-1;1;Motociclo a solo;In marcia / fermata / arresto;Conducente;M;Rimandato;0;NON DECEDUTO;;
5003544;8;25/07/2020 11:20:00;Strada Urbana;VIA PRENESTINA;da specificare;;;;fronte civ. 1108 - diramazione svincolo GRA;Scontro frontale/laterale DX fra veicoli in marcia;Rettilineo;Una carreggiata a doppio senso;Asciutto;Asfaltata;Verticale ed orizzontale;Sereno;Normale;Buona;;1;0;0;1;12.6155;41.8933;-1;2;Autovettura privata;In marcia / fermata / arresto;Conducente;M;Illeso;0;;;
5003545;8;25/07/2020 14:10:00;Strada Urbana;VIA PIETRO BELON;in prossimit�;;del civico n.;49;;Scontro frontale/laterale SX fra veicoli in marcia;Rettilineo;Una carreggiata a doppio senso;Asciutto;Asfaltata;Verticale ed orizzontale;Sereno;Normale;Buona;;3;0;0;0;12.5905;41.8683;-1;1;Autovettura privata;In marcia / fermata / arresto;Conducente;F;Rifiuta cure immediate;0;NON DECEDUTO;Non accertato;Inesploso
5003545;8;25/07/2020 14:10:00;Strada Urbana;VIA PIETRO BELON;in prossimit�;;del civico n.;49;;Scontro frontale/laterale SX fra veicoli in marcia;Rettilineo;Una carreggiata a doppio senso;Asciutto;Asfaltata;Verticale ed orizzontale;Sereno;Normale;Buona;;3;0;0;0;12.5905;41.8683;-1;2;Autovettura privata;In marcia / fermata / arresto;Conducente;F;Rifiuta cure immediate;0;NON DECEDUTO;Non accertato;Inesploso
5003545;8;25/07/2020 14:10:00;Strada Urbana;VIA PIETRO BELON;in prossimit�;;del civico n.;49;;Scontro frontale/laterale SX fra veicoli in marcia;Rettilineo;Una carreggiata a doppio senso;Asciutto;Asfaltata;Verticale ed orizzontale;Sereno;Normale;Buona;;3;0;0;0;12.5905;41.8683;-1;3;Autovettura privata;In marcia / fermata / arresto;Conducente;F;Rifiuta cure immediate;0;NON DECEDUTO;Non accertato;Inesploso
5003546;8;25/07/2020 14:50:00;Strada Urbana;VIA PIERO CORTI;in prossimit�;;del civico n.;51;;Scontro laterale fra veicoli in marcia;Rettilineo;Una carreggiata a doppio senso;Asciutto;Asfaltata;Verticale ed orizzontale;Sereno;Scarso;Buona;;2;0;0;1;12.6712;41.9018;-1;1;Autocarro inferiore 35 q.;In marcia / fermata / arresto;Conducente;M;Rimandato;0;NON DECEDUTO;;
5003546;8;25/07/2020 14:50:00;Strada Urbana;VIA PIERO CORTI;in prossimit�;;del civico n.;51;;Scontro laterale fra veicoli in marcia;Rettilineo;Una carreggiata a doppio senso;Asciutto;Asfaltata;Verticale ed orizzontale;Sereno;Scarso;Buona;;2;0;0;1;12.6712;41.9018;-1;2;Autovettura di polizia;In marcia / fermata / arresto;Conducente;M;Rimandato;0;NON DECEDUTO;;
5003546;8;25/07/2020 14:50:00;Strada Urbana;VIA PIERO CORTI;in prossimit�;;del civico n.;51;;Scontro laterale fra veicoli in marcia;Rettilineo;Una carreggiata a doppio senso;Asciutto;Asfaltata;Verticale ed orizzontale;Sereno;Scarso;Buona;;2;0;0;1;12.6712;41.9018;-1;2;Autovettura di polizia;In marcia / fermata / arresto;Passeggero;M;Illeso;0;;;
5003548;8;25/07/2020 15:30:00;Strada Urbana;VIA DI TOR BELLA MONACA;da specificare;;;;100 mt dalla svolta per Via di Torrenova;Scontro laterale fra veicoli in marcia;Curva a visuale libera;Due carreggiate;Asciutto;Asfaltata;Verticale ed orizzontale;Sereno;Normale;Buona;;0;0;0;2;12.6281;41.8764;-1;1;Autovettura privata;In marcia / fermata / arresto;Conducente;M;Illeso;0;;Non accertato;Inesploso
5003548;8;25/07/2020 15:30:00;Strada Urbana;VIA DI TOR BELLA MONACA;da specificare;;;;100 mt dalla svolta per Via di Torrenova;Scontro laterale fra veicoli in marcia;Curva a visuale libera;Due carreggiate;Asciutto;Asfaltata;Verticale ed orizzontale;Sereno;Normale;Buona;;0;0;0;2;12.6281;41.8764;-1;2;Autovettura privata;In marcia / fermata / arresto;Conducente;F;Illeso;0;;;
5003549;8;25/07/2020 17:14:00;Strada Urbana;VIA DI FONTANA CANDIDA;all'intersezione con;VIA CASILINA;VIA CASILINA;;;Scontro frontale/laterale DX fra veicoli in marcia;Intersezione stradale segnalata;Una carreggiata a doppio senso;Asciutto;Asfaltata;Verticale ed orizzontale;Sereno;Intenso;Buona;;0;0;0;2;12.7007;41.8434;-1;1;Autovettura privata;In marcia / fermata / arresto;Conducente;M;Illeso;0;;Non accertato;
5003549;8;25/07/2020 17:14:00;Strada Urbana;VIA DI FONTANA CANDIDA;all'intersezione con;VIA CASILINA;VIA CASILINA;;;Scontro frontale/laterale DX fra veicoli in marcia;Intersezione stradale segnalata;Una carreggiata a doppio senso;Asciutto;Asfaltata;Verticale ed orizzontale;Sereno;Intenso;Buona;;0;0;0;2;12.7007;41.8434;-1;2;Autovettura privata;In marcia / fermata / arresto;Conducente;M;Illeso;0;;;
5003551;8;25/07/2020 18:50:00;Strada Urbana;VIA MICHELE BUONORI;in prossimit�;;del civico n.;28;;Tamponamento;Rettilineo;Una carreggiata a doppio senso;Asciutto;Asfaltata;Assente;Sereno;Normale;Buona;;0;0;0;3;12.6316;41.8674;-1;1;Autovettura privata;In marcia / fermata / arresto;Conducente;M;Illeso;0;;;
5003551;8;25/07/2020 18:50:00;Strada Urbana;VIA MICHELE BUONORI;in prossimit�;;del civico n.;28;;Tamponamento;Rettilineo;Una carreggiata a doppio senso;Asciutto;Asfaltata;Assente;Sereno;Normale;Buona;;0;0;0;3;12.6316;41.8674;-1;1;Autovettura privata;In marcia / fermata / arresto;Passeggero;M;Illeso;0;;;
5003551;8;25/07/2020 18:50:00;Strada Urbana;VIA MICHELE BUONORI;in prossimit�;;del civico n.;28;;Tamponamento;Rettilineo;Una carreggiata a doppio senso;Asciutto;Asfaltata;Assente;Sereno;Normale;Buona;;0;0;0;3;12.6316;41.8674;-1;2;Autovettura privata;In marcia / fermata / arresto;Conducente;F;Illeso;0;;;
5003553;8;25/07/2020 22:00:00;Strada Urbana;VIA CASILINA;in prossimit�;;del civico n.;1678;;Infortunio per sola frenata improvvisa;Rettilineo;Una carreggiata a doppio senso;Asciutto;Asfaltata;Verticale ed orizzontale;Sereno;Normale;Buona;;2;0;0;0;12.6472;41.8622;-1;1;Motociclo con passeggero;In marcia / fermata / arresto;Conducente;M;Rifiuta cure immediate;0;NON DECEDUTO;;
5003553;8;25/07/2020 22:00:00;Strada Urbana;VIA CASILINA;in prossimit�;;del civico n.;1678;;Infortunio per sola frenata improvvisa;Rettilineo;Una carreggiata a doppio senso;Asciutto;Asfaltata;Verticale ed orizzontale;Sereno;Normale;Buona;;2;0;0;0;12.6472;41.8622;-1;1;Motociclo con passeggero;In marcia / fermata / arresto;Passeggero;F;Rifiuta cure immediate;0;NON DECEDUTO;;
5003616;5;24/07/2020 10:45:00;Strada Urbana;VIA DI CASAL BERTONE;da specificare;;;;in corrispondenza del civ. 70;Tamponamento;Rettilineo;Una carreggiata a doppio senso;Asciutto;Asfaltata;Orizzontale;Sereno;Normale;Buona;;0;0;0;3;12.5331;41.8973;-1;1;Autovettura privata;In marcia / fermata / arresto;Conducente;F;Illeso;0;;;
5003616;5;24/07/2020 10:45:00;Strada Urbana;VIA DI CASAL BERTONE;da specificare;;;;in corrispondenza del civ. 70;Tamponamento;Rettilineo;Una carreggiata a doppio senso;Asciutto;Asfaltata;Orizzontale;Sereno;Normale;Buona;;0;0;0;3;12.5331;41.8973;-1;2;Motociclo con passeggero;In marcia / fermata / arresto;Conducente;M;Illeso;0;;;
5003616;5;24/07/2020 10:45:00;Strada Urbana;VIA DI CASAL BERTONE;da specificare;;;;in corrispondenza del civ. 70;Tamponamento;Rettilineo;Una carreggiata a doppio senso;Asciutto;Asfaltata;Orizzontale;Sereno;Normale;Buona;;0;0;0;3;12.5331;41.8973;-1;2;Motociclo con passeggero;In marcia / fermata / arresto;Passeggero;M;Illeso;0;;;
5003649;5;24/07/2020 12:15:00;Strada Urbana;NUOVA CIRCONVALLAZIONE INTERNA;da specificare;;;;uscita Monti Tiburtini;Scontro laterale fra veicoli in marcia;Galleria illuminata;Una carreggiata a senso unico di marcia;Asciutto;Asfaltata;Verticale ed orizzontale;Sereno;Normale;Buona;;2;0;0;1;12.5281;41.9207;-1;1;Autovettura privata;In marcia / fermata / arresto;Conducente;F;Rimandato;0;NON DECEDUTO;Non accertato;
5003649;5;24/07/2020 12:15:00;Strada Urbana;NUOVA CIRCONVALLAZIONE INTERNA;da specificare;;;;uscita Monti Tiburtini;Scontro laterale fra veicoli in marcia;Galleria illuminata;Una carreggiata a senso unico di marcia;Asciutto;Asfaltata;Verticale ed orizzontale;Sereno;Normale;Buona;;2;0;0;1;12.5281;41.9207;-1;2;Autovettura privata;In marcia / fermata / arresto;Conducente;F;Illeso;0;;Non accertato;
5003649;5;24/07/2020 12:15:00;Strada Urbana;NUOVA CIRCONVALLAZIONE INTERNA;da specificare;;;;uscita Monti Tiburtini;Scontro laterale fra veicoli in marcia;Galleria illuminata;Una carreggiata a senso unico di marcia;Asciutto;Asfaltata;Verticale ed orizzontale;Sereno;Normale;Buona;;2;0;0;1;12.5281;41.9207;-1;2;Autovettura privata;In marcia / fermata / arresto;Passeggero;F;Rimandato;0;NON DECEDUTO;Non accertato;
5003653;5;24/07/2020 14:30:00;Strada Urbana;VIA DEI MONTI TIBURTINI;da specificare;;;;dir. Tiburtina altezza Ponte Lanciani;Tamponamento;Rettilineo;Due carreggiate;Asciutto;Asfaltata;Orizzontale;Sereno;Normale;Buona;;1;0;0;1;12.5276;41.9213;-1;1;Autovettura privata;In marcia / fermata / arresto;Conducente;F;Illeso;0;;Non accertato;Inesploso
5003653;5;24/07/2020 14:30:00;Strada Urbana;VIA DEI MONTI TIBURTINI;da specificare;;;;dir. Tiburtina altezza Ponte Lanciani;Tamponamento;Rettilineo;Due carreggiate;Asciutto;Asfaltata;Orizzontale;Sereno;Normale;Buona;;1;0;0;1;12.5276;41.9213;-1;2;Motociclo a solo;In marcia / fermata / arresto;Conducente;M;Rimandato;0;NON DECEDUTO;Non accertato;
5003655;5;24/07/2020 16:30:00;Strada Urbana;VIA BELMONTE IN SABINA;da specificare;;;;pross. Via Di S. Alessandro direzione via Cappi;Veicolo in marcia contro veicolo fermo;Rettilineo;Due carreggiate;Asciutto;Asfaltata;Orizzontale;Sereno;Normale;Buona;;2;0;0;1;12.5989;41.9494;-1;1;Autovettura di soccorso;In marcia / fermata / arresto;Conducente;M;Rimandato;0;NON DECEDUTO;Non accertato;Inesploso
5003655;5;24/07/2020 16:30:00;Strada Urbana;VIA BELMONTE IN SABINA;da specificare;;;;pross. Via Di S. Alessandro direzione via Cappi;Veicolo in marcia contro veicolo fermo;Rettilineo;Due carreggiate;Asciutto;Asfaltata;Orizzontale;Sereno;Normale;Buona;;2;0;0;1;12.5989;41.9494;-1;1;Autovettura di soccorso;In marcia / fermata / arresto;Passeggero;M;Rimandato;0;NON DECEDUTO;Non accertato;Inesploso
5003655;5;24/07/2020 16:30:00;Strada Urbana;VIA BELMONTE IN SABINA;da specificare;;;;pross. Via Di S. Alessandro direzione via Cappi;Veicolo in marcia contro veicolo fermo;Rettilineo;Due carreggiate;Asciutto;Asfaltata;Orizzontale;Sereno;Normale;Buona;;2;0;0;1;12.5989;41.9494;-1;2;Autovettura privata;In marcia / fermata / arresto;Conducente;M;Illeso;0;;Non accertato;Inesploso
5003660;5;24/07/2020 15:50:00;Strada Urbana;VIA FIUMINATA;all'intersezione con;VIA MONTECAROTTO;VIA MONTECAROTTO;;;Tamponamento;Intersezione stradale segnalata;Una carreggiata a doppio senso;Asciutto;Asfaltata;Verticale ed orizzontale;Sereno;Normale;Buona;;0;0;0;4;12.5819;41.9424;-1;1;Autovettura privata;In marcia / fermata / arresto;Conducente;F;Illeso;0;;;
5003660;5;24/07/2020 15:50:00;Strada Urbana;VIA FIUMINATA;all'intersezione con;VIA MONTECAROTTO;VIA MONTECAROTTO;;;Tamponamento;Intersezione stradale segnalata;Una carreggiata a doppio senso;Asciutto;Asfaltata;Verticale ed orizzontale;Sereno;Normale;Buona;;0;0;0;4;12.5819;41.9424;-1;1;Autovettura privata;In marcia / fermata / arresto;Passeggero;M;Illeso;0;;;
5003660;5;24/07/2020 15:50:00;Strada Urbana;VIA FIUMINATA;all'intersezione con;VIA MONTECAROTTO;VIA MONTECAROTTO;;;Tamponamento;Intersezione stradale segnalata;Una carreggiata a doppio senso;Asciutto;Asfaltata;Verticale ed orizzontale;Sereno;Normale;Buona;;0;0;0;4;12.5819;41.9424;-1;2;Motociclo con passeggero;In marcia / fermata / arresto;Conducente;M;Illeso;0;;;
5003660;5;24/07/2020 15:50:00;Strada Urbana;VIA FIUMINATA;all'intersezione con;VIA MONTECAROTTO;VIA MONTECAROTTO;;;Tamponamento;Intersezione stradale segnalata;Una carreggiata a doppio senso;Asciutto;Asfaltata;Verticale ed orizzontale;Sereno;Normale;Buona;;0;0;0;4;12.5819;41.9424;-1;2;Motociclo con passeggero;In marcia / fermata / arresto;Passeggero;M;Illeso;0;;;
5003662;5;24/07/2020 20:00:00;Strada Urbana;VIA TERSILIA LA DIVINA;da specificare;;;;altezza civico 3;Veicolo in marcia contro veicoli in sosta;Rettilineo;Una carreggiata a doppio senso;Asciutto;Asfaltata;Verticale ed orizzontale;Sereno;Scarso;Buona;;0;0;0;1;12.5999;41.9483;-1;1;Autovettura privata;In marcia / fermata / arresto;Conducente;M;Illeso;0;;;
5003662;5;24/07/2020 20:00:00;Strada Urbana;VIA TERSILIA LA DIVINA;da specificare;;;;altezza civico 3;Veicolo in marcia contro veicoli in sosta;Rettilineo;Una carreggiata a doppio senso;Asciutto;Asfaltata;Verticale ed orizzontale;Sereno;Scarso;Buona;;0;0;0;1;12.5999;41.9483;-1;2;Autovettura privata;Sosta;;;;;;;
5003662;5;24/07/2020 20:00:00;Strada Urbana;VIA TERSILIA LA DIVINA;da specificare;;;;altezza civico 3;Veicolo in marcia contro veicoli in sosta;Rettilineo;Una carreggiata a doppio senso;Asciutto;Asfaltata;Verticale ed orizzontale;Sereno;Scarso;Buona;;0;0;0;1;12.5999;41.9483;-1;3;Autovettura privata;Sosta;;;;;;;
5003662;5;24/07/2020 20:00:00;Strada Urbana;VIA TERSILIA LA DIVINA;da specificare;;;;altezza civico 3;Veicolo in marcia contro veicoli in sosta;Rettilineo;Una carreggiata a doppio senso;Asciutto;Asfaltata;Verticale ed orizzontale;Sereno;Scarso;Buona;;0;0;0;1;12.5999;41.9483;-1;4;Autovettura privata;Sosta;;;;;;;
5003670;5;25/07/2020 12:00:00;Strada Urbana;VIA DEI MONTI DI PIETRALATA;all'intersezione con;VIA DI PIETRALATA;VIA DI PIETRALATA;;;Tamponamento;Incrocio;Una carreggiata a doppio senso;Asciutto;Asfaltata;Verticale ed orizzontale;Sereno;Scarso;Buona;;0;0;0;3;12.5349;41.9264;-1;1;Autovettura privata;In marcia / fermata / arresto;Conducente;M;Illeso;0;;;
5003670;5;25/07/2020 12:00:00;Strada Urbana;VIA DEI MONTI DI PIETRALATA;all'intersezione con;VIA DI PIETRALATA;VIA DI PIETRALATA;;;Tamponamento;Incrocio;Una carreggiata a doppio senso;Asciutto;Asfaltata;Verticale ed orizzontale;Sereno;Scarso;Buona;;0;0;0;3;12.5349;41.9264;-1;1;Autovettura privata;In marcia / fermata / arresto;Passeggero;F;Illeso;0;;;
5003670;5;25/07/2020 12:00:00;Strada Urbana;VIA DEI MONTI DI PIETRALATA;all'intersezione con;VIA DI PIETRALATA;VIA DI PIETRALATA;;;Tamponamento;Incrocio;Una carreggiata a doppio senso;Asciutto;Asfaltata;Verticale ed orizzontale;Sereno;Scarso;Buona;;0;0;0;3;12.5349;41.9264;-1;2;Autovettura privata;In marcia / fermata / arresto;Conducente;F;Illeso;0;;;