Protocollo;Gruppo;DataOraIncidente;Localizzazione1;STRADA1;Localizzazione2;STRADA2;Strada02;Chilometrica;DaSpecificare;NaturaIncidente;particolaritastrade;TipoStrada;FondoStradale;Pavimentazione;Segnaletica;CondizioneAtmosferica;Traffico;Visibilita;Illuminazione;NUM_FERITI;NUM_RISERVATA;NUM_MORTI;NUM_ILLESI;Longitudine;Latitudine;Confermato;Progressivo;TipoVeicolo;StatoVeicolo;TipoPersona;Sesso;Tipolesione;Deceduto;DecedutoDopo;CinturaCascoUtilizzato;Airbag;
5012396;15;31/07/2020 11:15:00;Strada Urbana;VIA DELL'IMBRECCIATO;da specificare;;;;fronte via Lenin;Scontro frontale/laterale SX fra veicoli in marcia;Rettilineo;Una carreggiata a doppio senso;Asciutto;Asfaltata;Verticale ed orizzontale;Sereno;Normale;Buona;;1;0;0;1;12.4467;41.854;-1;1;Autovettura privata;In marcia / fermata / arresto;Conducente;F;Rifiuta cure immediate;0;NON DECEDUTO;Utilizzato;Esploso
5012396;15;31/07/2020 11:15:00;Strada Urbana;VIA DELL'IMBRECCIATO;da specificare;;;;fronte via Lenin;Scontro frontale/laterale SX fra veicoli in marcia;Rettilineo;Una carreggiata a doppio senso;Asciutto;Asfaltata;Verticale ed orizzontale;Sereno;Normale;Buona;;1;0;0;1;12.4467;41.854;-1;2;Autovettura privata;In marcia / fermata / arresto;Conducente;M;Illeso;0;;Non accertato;Inesploso
5012553;4;31/07/2020 16:30:00;Strada Urbana;VIA TERESA BOETTI VALVASSURA;in prossimit�;;del civico n.;90;;Veicolo in marcia contro ostacolo accidentale;Curva a visuale libera;Una carreggiata a senso unico di marcia;Asciutto;Asfaltata;Assente;Sereno;Normale;Buona;;0;0;0;2;12.5341;41.9599;-1;1;Autovettura privata;In marcia / fermata / arresto;Conducente;M;Illeso;0;;;
5012553;4;31/07/2020 16:30:00;Strada Urbana;VIA TERESA BOETTI VALVASSURA;in prossimit�;;del civico n.;90;;Veicolo in marcia contro ostacolo accidentale;Curva a visuale libera;Una carreggiata a senso unico di marcia;Asciutto;Asfaltata;Assente;Sereno;Normale;Buona;;0;0;0;2;12.5341;41.9599;-1;1;Autovettura privata;In marcia / fermata / arresto;Passeggero;F;Illeso;0;;;Inesploso
5012585;4;31/07/2020 20:00:00;Strada Urbana;VIA LIPARI;in corrispondenza;;del civico n.;1;;Veicolo in marcia contro ostacolo fisso;Pendenza;Una carreggiata a senso unico di marcia;Asciutto;Asfaltata;Verticale;Sereno;Scarso;Sufficiente;;0;0;0;1;12.5311;41.9414;-1;1;Autovettura privata;In marcia / fermata / arresto;Conducente;F;Illeso;0;;;
5012617;19;31/07/2020 06:40:00;Strada Urbana;VIA IPOGEO DEGLI OTTAVI;all'intersezione con;VIA TRIONFALE;VIA TRIONFALE;;;Fuoriuscita dalla sede stradale;Incrocio;Una carreggiata a senso unico di marcia;Asciutto;Asfaltata;Verticale ed orizzontale;Sereno;Normale;Buona;;1;0;0;0;12.409;41.9653;-1;1;Motociclo con passeggero;In marcia / fermata / arresto;Conducente;M;Rimandato;0;NON DECEDUTO;;
5012627;5;30/07/2020 17:30:00;Strada Urbana;VIA MORROVALLE;all'intersezione con;VIA LORETO;VIA LORETO;;;Scontro frontale/laterale DX fra veicoli in marcia;Incrocio;Una carreggiata a senso unico di marcia;Asciutto;Asfaltata;Assente;Sereno;Normale;Buona;;1;0;0;2;12.5849;41.9388;-1;1;Autovettura privata;In marcia / fermata / arresto;Conducente;F;Illeso;0;;Non accertato;Inesploso
5012627;5;30/07/2020 17:30:00;Strada Urbana;VIA MORROVALLE;all'intersezione con;VIA LORETO;VIA LORETO;;;Scontro frontale/laterale DX fra veicoli in marcia;Incrocio;Una carreggiata a senso unico di marcia;Asciutto;Asfaltata;Assente;Sereno;Normale;Buona;;1;0;0;2;12.5849;41.9388;-1;2;Autovettura privata;In marcia / fermata / arresto;Conducente;M;Illeso;0;;Non accertato;Inesploso
5012627;5;30/07/2020 17:30:00;Strada Urbana;VIA MORROVALLE;all'intersezione con;VIA LORETO;VIA LORETO;;;Scontro frontale/laterale DX fra veicoli in marcia;Incrocio;Una carreggiata a senso unico di marcia;Asciutto;Asfaltata;Assente;Sereno;Normale;Buona;;1;0;0;2;12.5849;41.9388;-1;2;Autovettura privata;In marcia / fermata / arresto;Passeggero;M;Rimandato;0;NON DECEDUTO;Non accertato;Inesploso
5012637;19;31/07/2020 16:45:00;Strada Urbana;VIA ANDREA BARBAZZA;all'intersezione con;VIA GABRIELE PALEOTTI;VIA GABRIELE PALEOTTI;;;Scontro frontale/laterale SX fra veicoli in marcia;Incrocio;Una carreggiata a doppio senso;Asciutto;Asfaltata;Verticale ed orizzontale;Sereno;Normale;Buona;;0;0;0;2;12.4113;41.92;-1;1;Autovettura privata;In marcia / fermata / arresto;Conducente;F;Illeso;0;;Non accertato;Inesploso
5012637;19;31/07/2020 16:45:00;Strada Urbana;VIA ANDREA BARBAZZA;all'intersezione con;VIA GABRIELE PALEOTTI;VIA GABRIELE PALEOTTI;;;Scontro frontale/laterale SX fra veicoli in marcia;Incrocio;Una carreggiata a doppio senso;Asciutto;Asfaltata;Verticale ed orizzontale;Sereno;Normale;Buona;;0;0;0;2;12.4113;41.92;-1;2;Autovettura privata;In marcia / fermata / arresto;Conducente;F;Illeso;0;;Non accertato;Inesploso
5012643;5;31/07/2020 10:00:00;Strada Urbana;VIA TIBURTINA;da specificare;;;;pross. civico 949;Scontro laterale fra veicoli in marcia;Rettilineo;Due carreggiate;Asciutto;Asfaltata;Verticale ed orizzontale;Sereno;Normale;Buona;;0;0;0;4;12.5742;41.9265;-1;1;Autovettura di polizia;In marcia / fermata / arresto;Conducente;M;Illeso;0;;;
5012643;5;31/07/2020 10:00:00;Strada Urbana;VIA TIBURTINA;da specificare;;;;pross. civico 949;Scontro laterale fra veicoli in marcia;Rettilineo;Due carreggiate;Asciutto;Asfaltata;Verticale ed orizzontale;Sereno;Normale;Buona;;0;0;0;4;12.5742;41.9265;-1;1;Autovettura di polizia;In marcia / fermata / arresto;Passeggero;M;Illeso;0;;;
5012643;5;31/07/2020 10:00:00;Strada Urbana;VIA TIBURTINA;da specificare;;;;pross. civico 949;Scontro laterale fra veicoli in marcia;Rettilineo;Due carreggiate;Asciutto;Asfaltata;Verticale ed orizzontale;Sereno;Normale;Buona;;0;0;0;4;12.5742;41.9265;-1;2;Autovettura privata;In marcia / fermata / arresto;Conducente;M;Illeso;0;;;
5012643;5;31/07/2020 10:00:00;Strada Urbana;VIA TIBURTINA;da specificare;;;;pross. civico 949;Scontro laterale fra veicoli in marcia;Rettilineo;Due carreggiate;Asciutto;Asfaltata;Verticale ed orizzontale;Sereno;Normale;Buona;;0;0;0;4;12.5742;41.9265;-1;2;Autovettura privata;In marcia / fermata / arresto;Passeggero;F;Illeso;0;;;
5012652;5;31/07/2020 11:00:00;;VIA TIBURTINA;da specificare;;;;pross. civico 1470/A;Scontro frontale/laterale SX fra veicoli in marcia;;;;;;;;;;0;0;0;1;12.6317;41.9403;0;1;Autovettura privata;In marcia / fermata / arresto;Conducente;M;Illeso;0;;;
5012652;5;31/07/2020 11:00:00;;VIA TIBURTINA;da specificare;;;;pross. civico 1470/A;Scontro frontale/laterale SX fra veicoli in marcia;;;;;;;;;;0;0;0;1;12.6317;41.9403;0;2;Motociclo a solo;In marcia / fermata / arresto;;;;;;;
5012657;5;31/07/2020 14:00:00;Strada Urbana;VIA PIETRO OTTOBONI;da specificare;;;;fronte civico 14;Scontro laterale fra veicoli in marcia;Rettilineo;Una carreggiata a doppio senso;Asciutto;Asfaltata;Verticale ed orizzontale;Sereno;Normale;Buona;;0;0;0;2;12.5398;41.9081;-1;1;Autovettura privata;In marcia / fermata / arresto;Conducente;F;Illeso;0;;;
5012657;5;31/07/2020 14:00:00;Strada Urbana;VIA PIETRO OTTOBONI;da specificare;;;;fronte civico 14;Scontro laterale fra veicoli in marcia;Rettilineo;Una carreggiata a doppio senso;Asciutto;Asfaltata;Verticale ed orizzontale;Sereno;Normale;Buona;;0;0;0;2;12.5398;41.9081;-1;2;Autovettura privata;In marcia / fermata / arresto;Conducente;M;Illeso;0;;;
5012661;19;31/07/2020 21:50:00;Strada Urbana;VIA DELLA VALLE DEI FONTANILI;all'intersezione con;VIA DI TORREVECCHIA;VIA DI TORREVECCHIA;;;Investimento di pedone;Incrocio;Una carreggiata a doppio senso;Asciutto;Asfaltata;Verticale ed orizzontale;Sereno;Normale;Sufficiente;;1;0;0;1;12.4062;41.9267;0;;;;Pedone;F;Rimandato;0;NON DECEDUTO;;
5012661;19;31/07/2020 21:50:00;Strada Urbana;VIA DELLA VALLE DEI FONTANILI;all'intersezione con;VIA DI TORREVECCHIA;VIA DI TORREVECCHIA;;;Investimento di pedone;Incrocio;Una carreggiata a doppio senso;Asciutto;Asfaltata;Verticale ed orizzontale;Sereno;Normale;Sufficiente;;1;0;0;1;12.4062;41.9267;0;1;Autovettura privata;In marcia / fermata / arresto;Conducente;M;Illeso;0;;;
5012665;5;31/07/2020 14:15:00;Strada Urbana;VIA ATTILIO BENIGNI;da specificare;;;;altezza palo ACEA n. 89 pross. V.le Galbani;Scontro laterale fra veicoli in marcia;Rettilineo;Due carreggiate;Asciutto;Asfaltata;Assente;Sereno;Normale;Buona;;1;0;0;1;12.5607;41.9307;-1;1;Autovettura privata;In marcia / fermata / arresto;Conducente;F;Illeso;0;;Non accertato;Inesploso
5012665;5;31/07/2020 14:15:00;Strada Urbana;VIA ATTILIO BENIGNI;da specificare;;;;altezza palo ACEA n. 89 pross. V.le Galbani;Scontro laterale fra veicoli in marcia;Rettilineo;Due carreggiate;Asciutto;Asfaltata;Assente;Sereno;Normale;Buona;;1;0;0;1;12.5607;41.9307;-1;2;Autovettura privata;In marcia / fermata / arresto;Conducente;F;Rimandato;0;NON DECEDUTO;Non accertato;Inesploso
5012674;5;31/07/2020 15:25:00;Strada Urbana;VIALE DELLA SERENISSIMA;da specificare;;;;inversione marcia, dir. Prenestina;Scontro frontale/laterale SX fra veicoli in marcia;Rettilineo;Due carreggiate;Asciutto;Asfaltata;Orizzontale;Sereno;Normale;Buona;;1;0;0;1;12.5572;41.9018;-1;1;Autovettura privata;In marcia / fermata / arresto;Conducente;M;Illeso;0;;Non accertato;Inesploso
5012674;5;31/07/2020 15:25:00;Strada Urbana;VIALE DELLA SERENISSIMA;da specificare;;;;inversione marcia, dir. Prenestina;Scontro frontale/laterale SX fra veicoli in marcia;Rettilineo;Due carreggiate;Asciutto;Asfaltata;Orizzontale;Sereno;Normale;Buona;;1;0;0;1;12.5572;41.9018;-1;2;Motociclo a solo;In marcia / fermata / arresto;Conducente;M;Ricoverato;0;NON DECEDUTO;Non accertato;
5012705;17;31/07/2020 21:50:00;Strada Urbana;VIA PIETRO GASPARRI;in prossimit�;;del civico n.;108;;Veicolo in marcia contro veicolo in sosta;Rettilineo;Una carreggiata a doppio senso;Asciutto;Asfaltata;Verticale ed orizzontale;Sereno;Scarso;Sufficiente;;1;0;0;0;12.414;41.9247;-1;1;Autovettura privata;In marcia / fermata / arresto;Conducente;M;Rimandato;0;NON DECEDUTO;;
5012705;17;31/07/2020 21:50:00;Strada Urbana;VIA PIETRO GASPARRI;in prossimit�;;del civico n.;108;;Veicolo in marcia contro veicolo in sosta;Rettilineo;Una carreggiata a doppio senso;Asciutto;Asfaltata;Verticale ed orizzontale;Sereno;Scarso;Sufficiente;;1;0;0;0;12.414;41.9247;-1;2;Autovettura privata;Sosta;;;;;;;
5012705;17;31/07/2020 21:50:00;Strada Urbana;VIA PIETRO GASPARRI;in prossimit�;;del civico n.;108;;Veicolo in marcia contro veicolo in sosta;Rettilineo;Una carreggiata a doppio senso;Asciutto;Asfaltata;Verticale ed orizzontale;Sereno;Scarso;Sufficiente;;1;0;0;0;12.414;41.9247;-1;3;Autovettura privata;Sosta;;;;;;;
5012728;18;31/07/2020 15:30:00;Strada Urbana;VIA BALDO DEGLI UBALDI;in prossimit�;;del civico n.;378;;Tamponamento;Pendenza;Due carreggiate;Asciutto;Asfaltata;Assente;Sereno;Normale;Buona;;4;0;0;0;12.441;41.9023;-1;1;Autocarro inferiore 35 q.;In marcia / fermata / arresto;Conducente;M;Rifiuta cure immediate;0;NON DECEDUTO;Non accertato;Inesploso
5012728;18;31/07/2020 15:30:00;Strada Urbana;VIA BALDO DEGLI UBALDI;in prossimit�;;del civico n.;378;;Tamponamento;Pendenza;Due carreggiate;Asciutto;Asfaltata;Assente;Sereno;Normale;Buona;;4;0;0;0;12.441;41.9023;-1;2;Autovettura di polizia;In marcia / fermata / arresto;Conducente;M;Rifiuta cure immediate;0;NON DECEDUTO;Non accertato;Inesploso
5012728;18;31/07/2020 15:30:00;Strada Urbana;VIA BALDO DEGLI UBALDI;in prossimit�;;del civico n.;378;;Tamponamento;Pendenza;Due carreggiate;Asciutto;Asfaltata;Assente;Sereno;Normale;Buona;;4;0;0;0;12.441;41.9023;-1;2;Autovettura di polizia;In marcia / fermata / arresto;Passeggero;M;Rifiuta cure immediate;0;NON DECEDUTO;Non accertato;Inesploso
5012728;18;31/07/2020 15:30:00;Strada Urbana;VIA BALDO DEGLI UBALDI;in prossimit�;;del civico n.;378;;Tamponamento;Pendenza;Due carreggiate;Asciutto;Asfaltata;Assente;Sereno;Normale;Buona;;4;0;0;0;12.441;41.9023;-1;2;Autovettura di polizia;In marcia / fermata / arresto;Passeggero;F;Rifiuta cure immediate;0;NON DECEDUTO;Non accertato;Inesploso
5012753;12;31/07/2020 10:00:00;Strada Urbana;VIALE DEI PRIMATI SPORTIVI;all'intersezione con;VIALE DEL CICLISMO;VIALE DEL CICLISMO;;;Scontro frontale/laterale SX fra veicoli in marcia;Incrocio;Una carreggiata a doppio senso;Asciutto;Asfaltata;Verticale ed orizzontale;Sereno;Normale;Buona;;0;0;0;3;12.4573;41.8281;-1;1;Autovettura privata;In marcia / fermata / arresto;Conducente;M;Illeso;0;;Non accertato;Inesploso
5012753;12;31/07/2020 10:00:00;Strada Urbana;VIALE DEI PRIMATI SPORTIVI;all'intersezione con;VIALE DEL CICLISMO;VIALE DEL CICLISMO;;;Scontro frontale/laterale SX fra veicoli in marcia;Incrocio;Una carreggiata a doppio senso;Asciutto;Asfaltata;Verticale ed orizzontale;Sereno;Normale;Buona;;0;0;0;3;12.4573;41.8281;-1;2;Autovettura privata;In marcia / fermata / arresto;Conducente;F;Illeso;0;;Non accertato;Esploso
5012753;12;31/07/2020 10:00:00;Strada Urbana;VIALE DEI PRIMATI SPORTIVI;all'intersezione con;VIALE DEL CICLISMO;VIALE DEL CICLISMO;;;Scontro frontale/laterale SX fra veicoli in marcia;Incrocio;Una carreggiata a doppio senso;Asciutto;Asfaltata;Verticale ed orizzontale;Sereno;Normale;Buona;;0;0;0;3;12.4573;41.8281;-1;2;Autovettura privata;In marcia / fermata / arresto;Passeggero;F;Illeso;0;;Utilizzato;Inesploso
5012850;17;31/07/2020 14:10:00;Strada Urbana;VIALE DELLE MILIZIE;all'intersezione semaforizzata con;VIALE ANGELICO;VIALE ANGELICO;;;Scontro frontale/laterale SX fra veicoli in marcia;Incrocio;Pi� di due carreggiate;Asciutto;Asfaltata;Verticale ed orizzontale;Sereno;Normale;Sufficiente;;1;0;0;1;12.4581;41.9114;0;1;Autovettura privata;In marcia / fermata / arresto;Conducente;F;Illeso;0;;;
5012850;17;31/07/2020 14:10:00;Strada Urbana;VIALE DELLE MILIZIE;all'intersezione semaforizzata con;VIALE ANGELICO;VIALE ANGELICO;;;Scontro frontale/laterale SX fra veicoli in marcia;Incrocio;Pi� di due carreggiate;Asciutto;Asfaltata;Verticale ed orizzontale;Sereno;Normale;Sufficiente;;1;0;0;1;12.4581;41.9114;0;2;Velocipede;In marcia / fermata / arresto;Conducente;M;Rimandato;0;NON DECEDUTO;Esente;
5013006;16;30/07/2020 16:30:00;Strada Urbana;VIA AURELIA ANTICA;in prossimit�;;del palo luce n.;7;;Scontro laterale fra veicoli in marcia;Curva a visuale libera;Una carreggiata a doppio senso;Asciutto;Asfaltata;Orizzontale;Sereno;Normale;Buona;;1;0;0;1;12.435;41.8902;-1;1;Motociclo a solo;In marcia / fermata / arresto;Conducente;F;Rimandato;0;NON DECEDUTO;;
5013006;16;30/07/2020 16:30:00;Strada Urbana;VIA AURELIA ANTICA;in prossimit�;;del palo luce n.;7;;Scontro laterale fra veicoli in marcia;Curva a visuale libera;Una carreggiata a doppio senso;Asciutto;Asfaltata;Orizzontale;Sereno;Normale;Buona;;1;0;0;1;12.435;41.8902;-1;2;Autocarro inferiore 35 q.;In marcia / fermata / arresto;Conducente;M;Illeso;0;;;
5013013;16;31/07/2020 11:00:00;Strada Urbana;VIA DI S. PANCRAZIO;in prossimit�;;del palo luce n.;14;;Scontro frontale/laterale SX fra veicoli in marcia;Rettilineo;Una carreggiata a doppio senso;Asciutto;Asfaltata;Assente;Sereno;Normale;Buona;;1;0;0;1;12.4583;41.8869;-1;1;Autovettura privata;In marcia / fermata / arresto;Conducente;M;Illeso;0;;;
5013013;16;31/07/2020 11:00:00;Strada Urbana;VIA DI S. PANCRAZIO;in prossimit�;;del palo luce n.;14;;Scontro frontale/laterale SX fra veicoli in marcia;Rettilineo;Una carreggiata a doppio senso;Asciutto;Asfaltata;Assente;Sereno;Normale;Buona;;1;0;0;1;12.4583;41.8869;-1;2;Motociclo a solo;In marcia / fermata / arresto;Conducente;M;Rimandato;0;NON DECEDUTO;;
5013040;16;31/07/2020 13:15:00;Strada Urbana;LARGO DON LUIGI GUANELLA;in prossimit�;;del civico n.;3;;Investimento di pedone;Pendenza;Una carreggiata a senso unico di marcia;Asciutto;Asfaltata;Verticale ed orizzontale;Sereno;Normale;Sufficiente;;1;0;0;1;12.4215;41.8883;-1;;;;Pedone;F;Rimandato;0;NON DECEDUTO;;
5013040;16;31/07/2020 13:15:00;Strada Urbana;LARGO DON LUIGI GUANELLA;in prossimit�;;del civico n.;3;;Investimento di pedone;Pendenza;Una carreggiata a senso unico di marcia;Asciutto;Asfaltata;Verticale ed orizzontale;Sereno;Normale;Sufficiente;;1;0;0;1;12.4215;41.8883;-1;1;Autovettura privata;In marcia / fermata / arresto;Conducente;M;Illeso;0;;Non accertato;
5013215;1;31/07/2020 10:50:00;Strada Urbana;VIA DEL CORSO;da specificare;;;;altezza GALLERIA ALBERO SORDI;Veicolo in marcia contro ostacolo accidentale;Rettilineo;Una carreggiata a senso unico di marcia;Asciutto;Asfaltata;Verticale ed orizzontale;Sereno;Normale;Buona;;1;0;0;0;12.4801;41.9017;0;1;Monopattino elettrico;In marcia / fermata / arresto;Conducente;M;Rimandato;0;NON DECEDUTO;Non utilizzato;Inesistente
5013622;16;30/07/2020 23:45:00;Strada Urbana;VIA FONTEIANA;in prossimit�;;del civico n.;F.C. 172;;Investimento di pedone;Rettilineo;Una carreggiata a senso unico di marcia;Asciutto;Asfaltata;Verticale ed orizzontale;Sereno;Scarso;Buona;;1;0;0;0;;;0;;;;Pedone;M;Rimandato;0;NON DECEDUTO;;
5013622;16;30/07/2020 23:45:00;Strada Urbana;VIA FONTEIANA;in prossimit�;;del civico n.;F.C. 172;;Investimento di pedone;Rettilineo;Una carreggiata a senso unico di marcia;Asciutto;Asfaltata;Verticale ed orizzontale;Sereno;Scarso;Buona;;1;0;0;0;;;0;1;Autovettura privata;Allontanatosi;;;;;;;
5014052;23;31/07/2020 22:25:00;Strada Urbana;VIA DELLA STAZIONE VECCHIA;all'intersezione con;VIA S. MONICA;VIA S. MONICA;;;Veicolo in marcia contro veicolo in sosta;Incrocio;Una carreggiata a senso unico di marcia;Asciutto;Asfaltata;Verticale ed orizzontale;Sereno;Normale;Sufficiente;;0;0;0;1;12.2787;41.7306;-1;1;Motociclo a solo;In marcia / fermata / arresto;Conducente;M;Illeso;0;;Utilizzato;
5014052;23;31/07/2020 22:25:00;Strada Urbana;VIA DELLA STAZIONE VECCHIA;all'intersezione con;VIA S. MONICA;VIA S. MONICA;;;Veicolo in marcia contro veicolo in sosta;Incrocio;Una carreggiata a senso unico di marcia;Asciutto;Asfaltata;Verticale ed orizzontale;Sereno;Normale;Sufficiente;;0;0;0;1;12.2787;41.7306;-1;2;Autovettura di polizia;Sosta;;;;;;;
5014085;23;31/07/2020 10:15:00;Strada Urbana;VIA DANIELE MANIN;in prossimit�;;del civico n.;81;;Veicolo in marcia contro veicolo in sosta;Rettilineo;Una carreggiata a senso unico di marcia;Asciutto;Asfaltata;Verticale ed orizzontale;Sereno;Scarso;Buona;;0;0;0;1;12.4987;41.8986;-1;1;Autovettura privata;In marcia / fermata / arresto;Conducente;M;Illeso;0;;;
5014085;23;31/07/2020 10:15:00;Strada Urbana;VIA DANIELE MANIN;in prossimit�;;del civico n.;81;;Veicolo in marcia contro veicolo in sosta;Rettilineo;Una carreggiata a senso unico di marcia;Asciutto;Asfaltata;Verticale ed orizzontale;Sereno;Scarso;Buona;;0;0;0;1;12.4987;41.8986;-1;2;Motociclo a solo;Sosta;;;;;;;
5014085;23;31/07/2020 10:15:00;Strada Urbana;VIA DANIELE MANIN;in prossimit�;;del civico n.;81;;Veicolo in marcia contro veicolo in sosta;Rettilineo;Una carreggiata a senso unico di marcia;Asciutto;Asfaltata;Verticale ed orizzontale;Sereno;Scarso;Buona;;0;0;0;1;12.4987;41.8986;-1;3;Motociclo a solo;Sosta;;;;;;;
5014127;13;19/07/2020 01:30:00;Strada Urbana;VIA DEL MARE;all'intersezione semaforizzata con;VIA DELLE CANARIE;VIA DELLE CANARIE;;;Tamponamento;Intersezione semaforizzata;Una carreggiata a doppio senso;Asciutto;Asfaltata;Verticale ed orizzontale;Sereno;Scarso;Sufficiente;;0;0;0;1;12.2831;41.7389;-1;1;Autovettura privata;In marcia / fermata / arresto;Conducente;M;Illeso;0;;;
5014127;13;19/07/2020 01:30:00;Strada Urbana;VIA DEL MARE;all'intersezione semaforizzata con;VIA DELLE CANARIE;VIA DELLE CANARIE;;;Tamponamento;Intersezione semaforizzata;Una carreggiata a doppio senso;Asciutto;Asfaltata;Verticale ed orizzontale;Sereno;Scarso;Sufficiente;;0;0;0;1;12.2831;41.7389;-1;2;Autovettura privata;In marcia / fermata / arresto;;;;;;;
5015971;16;30/07/2020 18:50:00;Strada Urbana;VIA GIOVANNI DE CALVI;in corrispondenza;;del civico n.;97;;Veicolo in marcia contro veicolo in sosta;Rettilineo;Una carreggiata a senso unico di marcia;Asciutto;Asfaltata;Assente;Sereno;Normale;Buona;;0;0;0;1;12.4467;41.8668;-1;1;Autovettura privata;Sosta;;;;;;;
5015971;16;30/07/2020 18:50:00;Strada Urbana;VIA GIOVANNI DE CALVI;in corrispondenza;;del civico n.;97;;Veicolo in marcia contro veicolo in sosta;Rettilineo;Una carreggiata a senso unico di marcia;Asciutto;Asfaltata;Assente;Sereno;Normale;Buona;;0;0;0;1;12.4467;41.8668;-1;2;Autovettura privata;In marcia / fermata / arresto;Conducente;F;Illeso;0;;;
5016200;13;05/07/2020 23:00:00;Statale;VIA DEL MARE;da specificare;;;;altezza "Tiber Golf" direz.Acilia;Veicolo in marcia contro ostacolo fisso;Rettilineo;Una carreggiata a doppio senso;Asciutto;Asfaltata;Orizzontale;Sereno;Normale;Buona;;1;0;0;1;12.2671;41.7361;-1;1;Autovettura privata;In marcia / fermata / arresto;Conducente;F;Illeso;0;;Non accertato;
5016200;13;05/07/2020 23:00:00;Statale;VIA DEL MARE;da specificare;;;;altezza "Tiber Golf" direz.Acilia;Veicolo in marcia contro ostacolo fisso;Rettilineo;Una carreggiata a doppio senso;Asciutto;Asfaltata;Orizzontale;Sereno;Normale;Buona;;1;0;0;1;12.2671;41.7361;-1;1;Autovettura privata;In marcia / fermata / arresto;Passeggero;F;Rimandato;0;NON DECEDUTO;Non accertato;
5020265;5;20/07/2020 17:30:00;Strada Urbana;VIA RENATO SIMONI;in corrispondenza;;del civico n.;2;;Investimento di pedone;Rettilineo;Una carreggiata a senso unico di marcia;Asciutto;Asfaltata;Verticale ed orizzontale;Sereno;Normale;Buona;;1;0;0;1;12.539;41.9087;-1;;;;Pedone;F;Rimandato;0;NON DECEDUTO;;
5020265;5;20/07/2020 17:30:00;Strada Urbana;VIA RENATO SIMONI;in corrispondenza;;del civico n.;2;;Investimento di pedone;Rettilineo;Una carreggiata a senso unico di marcia;Asciutto;Asfaltata;Verticale ed orizzontale;Sereno;Normale;Buona;;1;0;0;1;12.539;41.9087;-1;1;Motociclo a solo;In marcia / fermata / arresto;Conducente;M;Illeso;0;;Non accertato;
5020405;20;28/07/2020 10:10:00;Strada Urbana;VIA FRASSINETO;in prossimit�;;del palo luce n.;37;;Tamponamento;Curva a visuale libera;Una carreggiata a doppio senso;Asciutto;Asfaltata;Orizzontale;Sereno;Normale;Buona;;0;0;0;3;12.4865;42;-1;1;Autovettura privata;In marcia / fermata / arresto;Conducente;M;Illeso;0;;Non accertato;
5020405;20;28/07/2020 10:10:00;Strada Urbana;VIA FRASSINETO;in prossimit�;;del palo luce n.;37;;Tamponamento;Curva a visuale libera;Una carreggiata a doppio senso;Asciutto;Asfaltata;Orizzontale;Sereno;Normale;Buona;;0;0;0;3;12.4865;42;-1;2;Autovettura privata;In marcia / fermata / arresto;Conducente;M;Illeso;0;;Non accertato;
5020405;20;28/07/2020 10:10:00;Strada Urbana;VIA FRASSINETO;in prossimit�;;del palo luce n.;37;;Tamponamento;Curva a visuale libera;Una carreggiata a doppio senso;Asciutto;Asfaltata;Orizzontale;Sereno;Normale;Buona;;0;0;0;3;12.4865;42;-1;2;Autovettura privata;In marcia / fermata / arresto;Passeggero;M;Illeso;0;;Non accertato;
5039965;23;13/07/2020 15:30:00;Strada Urbana;VIALE DELLE CAVE ARDEATINE;da specificare;;;;ALTEZZA PALO ACEA N. 14;Tamponamento;Rettilineo;Una carreggiata a doppio senso;Asciutto;Asfaltata;Verticale ed orizzontale;Sereno;Scarso;Buona;;0;0;0;4;12.4833;41.875;-1;1;Autovettura privata;In marcia / fermata / arresto;Conducente;M;Illeso;0;;Utilizzato;Inesploso
5039965;23;13/07/2020 15:30:00;Strada Urbana;VIALE DELLE CAVE ARDEATINE;da specificare;;;;ALTEZZA PALO ACEA N. 14;Tamponamento;Rettilineo;Una carreggiata a doppio senso;Asciutto;Asfaltata;Verticale ed orizzontale;Sereno;Scarso;Buona;;0;0;0;4;12.4833;41.875;-1;1;Autovettura privata;In marcia / fermata / arresto;Passeggero;M;Illeso;0;;Utilizzato;Inesploso
5039965;23;13/07/2020 15:30:00;Strada Urbana;VIALE DELLE CAVE ARDEATINE;da specificare;;;;ALTEZZA PALO ACEA N. 14;Tamponamento;Rettilineo;Una carreggiata a doppio senso;Asciutto;Asfaltata;Verticale ed orizzontale;Sereno;Scarso;Buona;;0;0;0;4;12.4833;41.875;-1;1;Autovettura privata;In marcia / fermata / arresto;Passeggero;M;Illeso;0;;Utilizzato;Inesploso
5039965;23;13/07/2020 15:30:00;Strada Urbana;VIALE DELLE CAVE ARDEATINE;da specificare;;;;ALTEZZA PALO ACEA N. 14;Tamponamento;Rettilineo;Una carreggiata a doppio senso;Asciutto;Asfaltata;Verticale ed orizzontale;Sereno;Scarso;Buona;;0;0;0;4;12.4833;41.875;-1;2;Autovettura privata;In marcia / fermata / arresto;Conducente;M;Illeso;0;;Utilizzato;Inesploso
5101146;12;26/07/2020 03:20:00;Strada Urbana;VIA DI VALLERANELLO;in corrispondenza;;del civico n.;14;;Veicolo in marcia contro veicoli in sosta;Rettilineo;Una carreggiata a doppio senso;Asciutto;Asfaltata;Verticale ed orizzontale;Sereno;Scarso;Buona;;0;0;0;0;12.4536;41.7956;-1;1;Autovettura privata;Sosta;;;;;;;